{
"type": "FeatureCollection",
"name": "restareas",
"features": [
{ "type": "Feature", "properties": { "gml_id": "restareas.1", "gml_id2": "restareas.fid-2a2e2400_1998da19001_79ba", "SERVICEAREAID": 5237409.0, "SERVICEAREATYPE": "Rasteplads", "SERVICEAREANAME": "Lundby" }, "geometry": { "type": "Polygon", "coordinates": [ [ [ 10.0097224, 56.9668267 ], [ 10.0096633, 56.9668254 ], [ 10.0096717, 56.9669295 ], [ 10.0097424, 56.9676116 ], [ 10.0091297, 56.9676137 ], [ 10.0092366, 56.9673798 ], [ 10.0094259, 56.9668715 ], [ 10.0094789, 56.9666454 ], [ 10.0094955, 56.9665925 ], [ 10.0097218, 56.9665925 ], [ 10.0097224, 56.9668267 ] ] ] } },
{ "type": "Feature", "properties": { "gml_id": "restareas.2", "gml_id2": "restareas.fid-2a2e2400_1998da19001_79bb", "SERVICEAREAID": 5231340.0, "SERVICEAREATYPE": "Rasteplads", "SERVICEAREANAME": "Stavreby" }, "geometry": { "type": "Polygon", "coordinates": [ [ [ 11.9115708, 54.6564035 ], [ 11.911171, 54.6574908 ], [ 11.9109696, 54.6579201 ], [ 11.9106847, 54.6578983 ], [ 11.9112906, 54.6563695 ], [ 11.9115708, 54.6564035 ] ] ] } },
{ "type": "Feature", "properties": { "gml_id": "restareas.3", "gml_id2": "restareas.fid-2a2e2400_1998da19001_79bc", "SERVICEAREAID": 5250806.0, "SERVICEAREATYPE": "Rasteanlæg", "SERVICEAREANAME": "Frøslev Øst" }, "geometry": { "type": "Polygon", "coordinates": [ [ [ 9.3281459, 54.8255313 ], [ 9.3285971, 54.8257324 ], [ 9.3287795, 54.8257887 ], [ 9.328813, 54.8258354 ], [ 9.3289109, 54.8258651 ], [ 9.3311956, 54.8258069 ], [ 9.3315823, 54.8258403 ], [ 9.3318436, 54.8256898 ], [ 9.3322179, 54.8254211 ], [ 9.3323857, 54.8253231 ], [ 9.3325779, 54.825248 ], [ 9.3328232, 54.8252086 ], [ 9.3333056, 54.825159 ], [ 9.3338036, 54.8251426 ], [ 9.3340879, 54.8250864 ], [ 9.3351292, 54.8268415 ], [ 9.3340315, 54.8276888 ], [ 9.3325925, 54.8287985 ], [ 9.3317847, 54.8293038 ], [ 9.3317332, 54.8292497 ], [ 9.3316017, 54.8290893 ], [ 9.3314628, 54.8289223 ], [ 9.3312714, 54.8286894 ], [ 9.3311324, 54.8285138 ], [ 9.3306344, 54.8286534 ], [ 9.3299396, 54.8280918 ], [ 9.3292567, 54.8274791 ], [ 9.3284834, 54.8267312 ], [ 9.3281699, 54.8264002 ], [ 9.3276916, 54.8258343 ], [ 9.3281459, 54.8255313 ] ] ] } },
{ "type": "Feature", "properties": { "gml_id": "restareas.4", "gml_id2": "restareas.fid-2a2e2400_1998da19001_79bd", "SERVICEAREAID": 5235304.0, "SERVICEAREATYPE": "Rasteanlæg", "SERVICEAREANAME": "Frøslev Vest" }, "geometry": { "type": "Polygon", "coordinates": [ [ [ 9.3357464, 54.83356 ], [ 9.3355776, 54.8334692 ], [ 9.335333, 54.8334382 ], [ 9.335432, 54.8335398 ], [ 9.3356407, 54.8336151 ], [ 9.3352938, 54.8336442 ], [ 9.3349685, 54.833582 ], [ 9.3332157, 54.8335837 ], [ 9.3325031, 54.8337066 ], [ 9.3316505, 54.8337502 ], [ 9.3305783, 54.8335725 ], [ 9.3308228, 54.8325483 ], [ 9.3289735, 54.8321687 ], [ 9.3289723, 54.8281851 ], [ 9.3289807, 54.8280369 ], [ 9.3290666, 54.8280176 ], [ 9.330206, 54.829038 ], [ 9.3304766, 54.8293007 ], [ 9.3306137, 54.8294382 ], [ 9.3307092, 54.8295416 ], [ 9.3309604, 54.8298295 ], [ 9.330972, 54.8298438 ], [ 9.3313035, 54.8297631 ], [ 9.3319736, 54.8302741 ], [ 9.3334922, 54.8314842 ], [ 9.3346381, 54.8324646 ], [ 9.3351466, 54.8329247 ], [ 9.3351932, 54.832961 ], [ 9.3350365, 54.8330766 ], [ 9.3351341, 54.8331187 ], [ 9.3352268, 54.833166 ], [ 9.3353153, 54.8332171 ], [ 9.3353634, 54.8332479 ], [ 9.3354336, 54.8333013 ], [ 9.3357464, 54.83356 ] ] ] } },
{ "type": "Feature", "properties": { "gml_id": "restareas.5", "gml_id2": "restareas.fid-2a2e2400_1998da19001_79be", "SERVICEAREAID": 5239644.0, "SERVICEAREATYPE": "Rasteplads", "SERVICEAREANAME": "Oksekær Øst" }, "geometry": { "type": "Polygon", "coordinates": [ [ [ 9.3827352, 54.9142733 ], [ 9.383894, 54.9148003 ], [ 9.3843013, 54.9170071 ], [ 9.383534, 54.9170908 ], [ 9.3827985, 54.9170734 ], [ 9.3824243, 54.914961 ], [ 9.3823417, 54.9145922 ], [ 9.3826133, 54.9145236 ], [ 9.3825566, 54.9144601 ], [ 9.3825015, 54.914397 ], [ 9.3824556, 54.9143401 ], [ 9.3824213, 54.9142893 ], [ 9.382371, 54.9142129 ], [ 9.3825408, 54.9141761 ], [ 9.3827352, 54.9142733 ] ] ] } },
{ "type": "Feature", "properties": { "gml_id": "restareas.6", "gml_id2": "restareas.fid-2a2e2400_1998da19001_79bf", "SERVICEAREAID": 5241910.0, "SERVICEAREATYPE": "Rasteplads", "SERVICEAREANAME": "Oksekær Vest" }, "geometry": { "type": "Polygon", "coordinates": [ [ [ 9.3818426, 54.9155527 ], [ 9.3819995, 54.9163955 ], [ 9.3822792, 54.9181262 ], [ 9.3819823, 54.9181794 ], [ 9.3819693, 54.9181545 ], [ 9.3815406, 54.9179931 ], [ 9.3811132, 54.9173495 ], [ 9.3808071, 54.9170806 ], [ 9.3801447, 54.9163971 ], [ 9.3803547, 54.9161066 ], [ 9.3804112, 54.9159478 ], [ 9.3805148, 54.9154482 ], [ 9.3818426, 54.9155527 ] ] ] } },
{ "type": "Feature", "properties": { "gml_id": "restareas.7", "gml_id2": "restareas.fid-2a2e2400_1998da19001_79c0", "SERVICEAREAID": 5260044.0, "SERVICEAREATYPE": "Rasteplads", "SERVICEAREANAME": "Øster Løgum Øst" }, "geometry": { "type": "Polygon", "coordinates": [ [ [ 9.3734347, 55.1176625 ], [ 9.3736244, 55.1178485 ], [ 9.3738374, 55.1181635 ], [ 9.374011, 55.1185043 ], [ 9.3740305, 55.1187187 ], [ 9.373963, 55.1190364 ], [ 9.3736698, 55.119622 ], [ 9.3736066, 55.1197936 ], [ 9.3729708, 55.1197819 ], [ 9.3729459, 55.1197162 ], [ 9.3727886, 55.1193087 ], [ 9.3726281, 55.118914 ], [ 9.3725746, 55.1187806 ], [ 9.3725024, 55.118603 ], [ 9.3724074, 55.1183769 ], [ 9.3723014, 55.1181276 ], [ 9.3721669, 55.1178247 ], [ 9.3733879, 55.1176312 ], [ 9.3734347, 55.1176625 ] ] ] } },
{ "type": "Feature", "properties": { "gml_id": "restareas.8", "gml_id2": "restareas.fid-2a2e2400_1998da19001_79c1", "SERVICEAREAID": 5236140.0, "SERVICEAREATYPE": "Rasteplads", "SERVICEAREANAME": "Øster Løgum Vest" }, "geometry": { "type": "Polygon", "coordinates": [ [ [ 9.372619, 55.1201515 ], [ 9.3727084, 55.1204116 ], [ 9.3727938, 55.1206676 ], [ 9.3729158, 55.1210234 ], [ 9.3730343, 55.1213678 ], [ 9.3731767, 55.1217844 ], [ 9.3732793, 55.1220885 ], [ 9.3719671, 55.1222533 ], [ 9.371911, 55.1222124 ], [ 9.37182, 55.122126 ], [ 9.3716463, 55.1218916 ], [ 9.3715244, 55.121637 ], [ 9.3714948, 55.1214544 ], [ 9.3715135, 55.1211252 ], [ 9.3715252, 55.1210182 ], [ 9.3716303, 55.1207465 ], [ 9.3716541, 55.12053 ], [ 9.3715713, 55.120335 ], [ 9.3713462, 55.1200744 ], [ 9.3713647, 55.1200599 ], [ 9.3720314, 55.1203264 ], [ 9.3720848, 55.1201591 ], [ 9.372086, 55.120143 ], [ 9.372619, 55.1201515 ] ] ] } },
{ "type": "Feature", "properties": { "gml_id": "restareas.9", "gml_id2": "restareas.fid-2a2e2400_1998da19001_79c2", "SERVICEAREAID": 5259244.0, "SERVICEAREATYPE": "Rasteanlæg", "SERVICEAREANAME": "Ustrup Vest" }, "geometry": { "type": "Polygon", "coordinates": [ [ [ 9.3730255, 55.2151576 ], [ 9.3731383, 55.215396 ], [ 9.3734255, 55.2159562 ], [ 9.3736691, 55.2163957 ], [ 9.373769, 55.2165828 ], [ 9.3738832, 55.2167724 ], [ 9.3739695, 55.2169292 ], [ 9.374181, 55.2172515 ], [ 9.3735506, 55.2175439 ], [ 9.3734402, 55.2175905 ], [ 9.3730038, 55.2175271 ], [ 9.3726525, 55.217493 ], [ 9.3718339, 55.2174708 ], [ 9.3716663, 55.2174654 ], [ 9.3709717, 55.2174714 ], [ 9.3709052, 55.2170012 ], [ 9.3710513, 55.2162677 ], [ 9.3710675, 55.2160825 ], [ 9.3710752, 55.2158971 ], [ 9.3710237, 55.2152117 ], [ 9.3730255, 55.2151576 ] ] ] } },
{ "type": "Feature", "properties": { "gml_id": "restareas.10", "gml_id2": "restareas.fid-2a2e2400_1998da19001_79c3", "SERVICEAREAID": 5236255.0, "SERVICEAREATYPE": "Rasteanlæg", "SERVICEAREANAME": "Ustrup Øst" }, "geometry": { "type": "Polygon", "coordinates": [ [ [ 9.3761436, 55.2143935 ], [ 9.3763106, 55.2154122 ], [ 9.3763537, 55.2156904 ], [ 9.3769723, 55.2156695 ], [ 9.3769689, 55.2167251 ], [ 9.3765505, 55.2171524 ], [ 9.3765667, 55.2172771 ], [ 9.3758276, 55.2174397 ], [ 9.3754663, 55.2174376 ], [ 9.3754573, 55.2177973 ], [ 9.3750523, 55.2178043 ], [ 9.3747049, 55.2172966 ], [ 9.3745344, 55.217026 ], [ 9.374368, 55.2167565 ], [ 9.3742342, 55.2165281 ], [ 9.3741515, 55.2163952 ], [ 9.373995, 55.2161194 ], [ 9.3738418, 55.2158384 ], [ 9.3736664, 55.2154909 ], [ 9.3734952, 55.2151443 ], [ 9.3734378, 55.2150121 ], [ 9.3736784, 55.2149538 ], [ 9.3736406, 55.2149087 ], [ 9.3735091, 55.2147261 ], [ 9.3733885, 55.2145476 ], [ 9.3732983, 55.2144091 ], [ 9.3732432, 55.2143037 ], [ 9.3733143, 55.2142942 ], [ 9.3734663, 55.2145585 ], [ 9.3743214, 55.21446 ], [ 9.3761436, 55.2143935 ] ] ] } },
{ "type": "Feature", "properties": { "gml_id": "restareas.11", "gml_id2": "restareas.fid-2a2e2400_1998da19001_79c4", "SERVICEAREAID": 5234573.0, "SERVICEAREATYPE": "Rasteanlæg", "SERVICEAREANAME": "Hylkedal Øst" }, "geometry": { "type": "Polygon", "coordinates": [ [ [ 9.4274485, 55.4735979 ], [ 9.4276391, 55.4736196 ], [ 9.4276296, 55.4736667 ], [ 9.4276224, 55.4737033 ], [ 9.4276145, 55.4738208 ], [ 9.427614, 55.4738493 ], [ 9.42762, 55.4738674 ], [ 9.4276482, 55.4740765 ], [ 9.4276438, 55.4741293 ], [ 9.4276333, 55.4741692 ], [ 9.4276004, 55.4742236 ], [ 9.4277447, 55.474253 ], [ 9.4277661, 55.4742154 ], [ 9.4277907, 55.4741696 ], [ 9.4277938, 55.4741468 ], [ 9.427799, 55.474084 ], [ 9.4277932, 55.4740113 ], [ 9.4277777, 55.4738977 ], [ 9.4277762, 55.4738321 ], [ 9.4277755, 55.4737693 ], [ 9.4277794, 55.4737456 ], [ 9.4277896, 55.4736785 ], [ 9.4278003, 55.4736613 ], [ 9.4278301, 55.4736313 ], [ 9.4279598, 55.4736387 ], [ 9.4279312, 55.4736968 ], [ 9.4279142, 55.4737511 ], [ 9.4278839, 55.473892 ], [ 9.4278793, 55.4740864 ], [ 9.4278205, 55.4742245 ], [ 9.4278012, 55.4743734 ], [ 9.4280672, 55.4744429 ], [ 9.4281117, 55.4745398 ], [ 9.4279079, 55.4748847 ], [ 9.4279722, 55.4749454 ], [ 9.4282135, 55.4749673 ], [ 9.4282829, 55.4751934 ], [ 9.4283099, 55.4752142 ], [ 9.4283437, 55.475226 ], [ 9.4283437, 55.4752332 ], [ 9.4281328, 55.4753152 ], [ 9.4279435, 55.4753867 ], [ 9.4277952, 55.47544 ], [ 9.4274392, 55.4755806 ], [ 9.4271113, 55.4756825 ], [ 9.4268986, 55.4757451 ], [ 9.4267975, 55.4756246 ], [ 9.4263402, 55.4754512 ], [ 9.4261172, 55.4754814 ], [ 9.4260803, 55.4754739 ], [ 9.4260367, 55.4755137 ], [ 9.4256946, 55.4754012 ], [ 9.425706, 55.4753869 ], [ 9.4258449, 55.4752238 ], [ 9.4264894, 55.4745236 ], [ 9.4267068, 55.4742995 ], [ 9.4269349, 55.4740722 ], [ 9.4272788, 55.473752 ], [ 9.4274485, 55.4735979 ] ] ] } },
{ "type": "Feature", "properties": { "gml_id": "restareas.12", "gml_id2": "restareas.fid-2a2e2400_1998da19001_79c5", "SERVICEAREAID": 5231078.0, "SERVICEAREATYPE": "Rasteanlæg", "SERVICEAREANAME": "Hylkedal Vest" }, "geometry": { "type": "Polygon", "coordinates": [ [ [ 9.4252956, 55.4750983 ], [ 9.4249559, 55.4755082 ], [ 9.4245556, 55.4760378 ], [ 9.4240769, 55.4767283 ], [ 9.4238416, 55.4771076 ], [ 9.4237107, 55.4773247 ], [ 9.4236073, 55.4773213 ], [ 9.423589, 55.4772721 ], [ 9.4235377, 55.4771695 ], [ 9.4234941, 55.4770817 ], [ 9.423488, 55.4770575 ], [ 9.4233491, 55.4770632 ], [ 9.4233516, 55.4770679 ], [ 9.4233706, 55.4771202 ], [ 9.423433, 55.4772393 ], [ 9.423465, 55.4773367 ], [ 9.4234602, 55.4773576 ], [ 9.4234564, 55.4773923 ], [ 9.4233177, 55.4773793 ], [ 9.4233469, 55.477329 ], [ 9.4232119, 55.4771574 ], [ 9.4226335, 55.4766153 ], [ 9.4229666, 55.4763466 ], [ 9.4229687, 55.4762892 ], [ 9.4231414, 55.4761424 ], [ 9.4247735, 55.474873 ], [ 9.4252956, 55.4750983 ] ] ] } },
{ "type": "Feature", "properties": { "gml_id": "restareas.13", "gml_id2": "restareas.fid-2a2e2400_1998da19001_79c6", "SERVICEAREAID": 5241619.0, "SERVICEAREATYPE": "Rasteanlæg", "SERVICEAREANAME": "Årslev Øst" }, "geometry": { "type": "Polygon", "coordinates": [ [ [ 9.361911, 55.023969 ], [ 9.3621786, 55.0234601 ], [ 9.3625797, 55.0225228 ], [ 9.3627951, 55.0218425 ], [ 9.3630021, 55.0209895 ], [ 9.3630875, 55.0209817 ], [ 9.3631171, 55.0210515 ], [ 9.3631667, 55.0211446 ], [ 9.3631795, 55.0211821 ], [ 9.3631931, 55.0212187 ], [ 9.3632069, 55.02128 ], [ 9.363214, 55.0213394 ], [ 9.3634108, 55.0213165 ], [ 9.3633552, 55.0212153 ], [ 9.3633048, 55.021128 ], [ 9.3632585, 55.0210378 ], [ 9.363228, 55.020967 ], [ 9.3633478, 55.0209497 ], [ 9.3634008, 55.0211397 ], [ 9.3635874, 55.0214954 ], [ 9.3637046, 55.0217899 ], [ 9.3637707, 55.0221099 ], [ 9.3637627, 55.0224557 ], [ 9.3637125, 55.0226928 ], [ 9.3636001, 55.0230003 ], [ 9.363449, 55.0232486 ], [ 9.3631435, 55.0235666 ], [ 9.362749, 55.023904 ], [ 9.3624995, 55.0241349 ], [ 9.3621933, 55.0240554 ], [ 9.3620331, 55.0240176 ], [ 9.3620716, 55.0239738 ], [ 9.3621167, 55.0239261 ], [ 9.3621561, 55.0238884 ], [ 9.3622063, 55.0238507 ], [ 9.3622548, 55.0238177 ], [ 9.362342, 55.0237609 ], [ 9.3624879, 55.0236953 ], [ 9.3623357, 55.0236145 ], [ 9.3622413, 55.0236941 ], [ 9.3621055, 55.0237868 ], [ 9.3620061, 55.0238674 ], [ 9.3619709, 55.0239032 ], [ 9.361911, 55.023969 ] ] ] } },
{ "type": "Feature", "properties": { "gml_id": "restareas.14", "gml_id2": "restareas.fid-2a2e2400_1998da19001_79c7", "SERVICEAREAID": 5229422.0, "SERVICEAREATYPE": "Rasteplads", "SERVICEAREANAME": "Årslev Vest" }, "geometry": { "type": "Polygon", "coordinates": [ [ [ 9.3597211, 55.0231341 ], [ 9.3594439, 55.0228732 ], [ 9.358941, 55.0227922 ], [ 9.3591773, 55.0207674 ], [ 9.359976, 55.0207929 ], [ 9.3601652, 55.0206365 ], [ 9.3602565, 55.020445 ], [ 9.3603267, 55.0204563 ], [ 9.360308, 55.0204953 ], [ 9.3602647, 55.0205639 ], [ 9.3602617, 55.0205934 ], [ 9.3602685, 55.0206119 ], [ 9.3604616, 55.0206339 ], [ 9.3604718, 55.020579 ], [ 9.3604815, 55.0205543 ], [ 9.3605123, 55.0204824 ], [ 9.3606202, 55.0204947 ], [ 9.3605879, 55.0209968 ], [ 9.3605028, 55.0218482 ], [ 9.3604546, 55.0221855 ], [ 9.3603685, 55.0226479 ], [ 9.3602782, 55.023086 ], [ 9.3597211, 55.0231341 ] ] ] } },
{ "type": "Feature", "properties": { "gml_id": "restareas.15", "gml_id2": "restareas.fid-2a2e2400_1998da19001_79c8", "SERVICEAREAID": 5252477.0, "SERVICEAREATYPE": "Rasteplads", "SERVICEAREANAME": "Gejsing Skov Øst" }, "geometry": { "type": "Polygon", "coordinates": [ [ [ 9.2581456, 55.5204869 ], [ 9.2576018, 55.5207886 ], [ 9.2574841, 55.5208282 ], [ 9.2561044, 55.5218764 ], [ 9.2557135, 55.5217692 ], [ 9.2556754, 55.5218011 ], [ 9.2557092, 55.5215712 ], [ 9.2557552, 55.5216175 ], [ 9.2557924, 55.5214178 ], [ 9.2558263, 55.5212185 ], [ 9.2558614, 55.5210625 ], [ 9.255912, 55.5208513 ], [ 9.2559848, 55.5205834 ], [ 9.2560364, 55.5203945 ], [ 9.2561022, 55.5202061 ], [ 9.256201, 55.5199335 ], [ 9.2562885, 55.519726 ], [ 9.2563751, 55.5195123 ], [ 9.2562941, 55.5195512 ], [ 9.2563288, 55.5194602 ], [ 9.2567799, 55.5186573 ], [ 9.2570641, 55.5182368 ], [ 9.2571045, 55.5182446 ], [ 9.2568623, 55.518657 ], [ 9.2565511, 55.5192641 ], [ 9.2570905, 55.5194743 ], [ 9.2576457, 55.5199102 ], [ 9.2579549, 55.520102 ], [ 9.2581456, 55.5204869 ] ] ] } },
{ "type": "Feature", "properties": { "gml_id": "restareas.16", "gml_id2": "restareas.fid-2a2e2400_1998da19001_79c9", "SERVICEAREAID": 5260584.0, "SERVICEAREATYPE": "Rasteplads", "SERVICEAREANAME": "Arreskov Sø N" }, "geometry": { "type": "Polygon", "coordinates": [ [ [ 10.2803235, 55.1686757 ], [ 10.2802786, 55.1687207 ], [ 10.2796468, 55.1684743 ], [ 10.2794091, 55.1683664 ], [ 10.2791787, 55.1682538 ], [ 10.2789612, 55.1681334 ], [ 10.2786938, 55.1679774 ], [ 10.2785671, 55.1678864 ], [ 10.2784289, 55.1677733 ], [ 10.2782989, 55.1676291 ], [ 10.2781704, 55.1674826 ], [ 10.2778359, 55.1669945 ], [ 10.2779524, 55.1669175 ], [ 10.2780387, 55.1670008 ], [ 10.2780642, 55.166993 ], [ 10.2781251, 55.1670572 ], [ 10.2782449, 55.1671683 ], [ 10.2782174, 55.1671849 ], [ 10.278481, 55.1674285 ], [ 10.2788333, 55.1677153 ], [ 10.2789843, 55.1678383 ], [ 10.2792738, 55.1680345 ], [ 10.2792792, 55.1680454 ], [ 10.2792777, 55.1680502 ], [ 10.279411, 55.168141 ], [ 10.2795168, 55.1682022 ], [ 10.2795478, 55.1681857 ], [ 10.2795662, 55.1681999 ], [ 10.2797784, 55.168334 ], [ 10.2796641, 55.1682867 ], [ 10.2798336, 55.1683924 ], [ 10.2803235, 55.1686757 ] ] ] } },
{ "type": "Feature", "properties": { "gml_id": "restareas.17", "gml_id2": "restareas.fid-2a2e2400_1998da19001_79ca", "SERVICEAREAID": 5237817.0, "SERVICEAREATYPE": "Holdeplads", "SERVICEAREANAME": "Snydebro" }, "geometry": { "type": "Polygon", "coordinates": [ [ [ 12.2735075, 55.7539107 ], [ 12.2734714, 55.7539572 ], [ 12.2715707, 55.7536898 ], [ 12.2711145, 55.7535814 ], [ 12.2705026, 55.753357 ], [ 12.270241, 55.7533068 ], [ 12.2702466, 55.7532939 ], [ 12.2712322, 55.7534789 ], [ 12.2711955, 55.7534306 ], [ 12.2733303, 55.7538314 ], [ 12.2731328, 55.7538409 ], [ 12.2735075, 55.7539107 ] ] ] } },
{ "type": "Feature", "properties": { "gml_id": "restareas.18", "gml_id2": "restareas.fid-2a2e2400_1998da19001_79cb", "SERVICEAREAID": 5226618.0, "SERVICEAREATYPE": "Rasteplads", "SERVICEAREANAME": "Kilden" }, "geometry": { "type": "Polygon", "coordinates": [ [ [ 12.0874896, 55.8544463 ], [ 12.0874442, 55.8546286 ], [ 12.0873864, 55.8547368 ], [ 12.0872869, 55.8547194 ], [ 12.0873078, 55.8542744 ], [ 12.0874457, 55.8542724 ], [ 12.0874896, 55.8544463 ] ] ] } },
{ "type": "Feature", "properties": { "gml_id": "restareas.19", "gml_id2": "restareas.fid-2a2e2400_1998da19001_79cc", "SERVICEAREAID": 5243314.0, "SERVICEAREATYPE": "Samkørselsplads", "SERVICEAREANAME": "Ølsted" }, "geometry": { "type": "Polygon", "coordinates": [ [ [ 12.0608434, 55.9082219 ], [ 12.0605103, 55.9088951 ], [ 12.0602254, 55.9092393 ], [ 12.0600797, 55.9095048 ], [ 12.0600585, 55.9094953 ], [ 12.0602248, 55.9089939 ], [ 12.060194, 55.9089662 ], [ 12.060213, 55.9088942 ], [ 12.0602424, 55.908899 ], [ 12.0605369, 55.9082566 ], [ 12.0605116, 55.9082491 ], [ 12.0605567, 55.9081601 ], [ 12.0608434, 55.9082219 ] ] ] } },
{ "type": "Feature", "properties": { "gml_id": "restareas.20", "gml_id2": "restareas.fid-2a2e2400_1998da19001_79cd", "SERVICEAREAID": 5231319.0, "SERVICEAREATYPE": "Rasteplads", "SERVICEAREANAME": "Kregme" }, "geometry": { "type": "Polygon", "coordinates": [ [ [ 12.0494801, 55.9280223 ], [ 12.0491322, 55.9286689 ], [ 12.0491808, 55.9286843 ], [ 12.0491236, 55.9288094 ], [ 12.0490716, 55.9288014 ], [ 12.0489229, 55.9291621 ], [ 12.0488823, 55.9291648 ], [ 12.0488611, 55.9291612 ], [ 12.0489551, 55.9287492 ], [ 12.0489327, 55.9287466 ], [ 12.0490272, 55.9285057 ], [ 12.0493602, 55.9280152 ], [ 12.0494801, 55.9280223 ] ] ] } },
{ "type": "Feature", "properties": { "gml_id": "restareas.21", "gml_id2": "restareas.fid-2a2e2400_1998da19001_79ce", "SERVICEAREAID": 5236867.0, "SERVICEAREATYPE": "Rasteplads", "SERVICEAREANAME": "Bjøvlund Nord" }, "geometry": { "type": "Polygon", "coordinates": [ [ [ 8.8497113, 55.5196449 ], [ 8.848303, 55.5198084 ], [ 8.8467965, 55.5194796 ], [ 8.845785, 55.5187429 ], [ 8.8450077, 55.5181712 ], [ 8.8459064, 55.517756 ], [ 8.8460435, 55.5178251 ], [ 8.8462091, 55.5179142 ], [ 8.8463872, 55.5180129 ], [ 8.8465888, 55.5181206 ], [ 8.846797, 55.518225 ], [ 8.8470103, 55.5183275 ], [ 8.8471726, 55.5183995 ], [ 8.8473477, 55.5182806 ], [ 8.8476635, 55.5177044 ], [ 8.8506132, 55.5182215 ], [ 8.8503977, 55.5188436 ], [ 8.8497727, 55.5188105 ], [ 8.8497113, 55.5196449 ] ] ] } },
{ "type": "Feature", "properties": { "gml_id": "restareas.22", "gml_id2": "restareas.fid-2a2e2400_1998da19001_79cf", "SERVICEAREAID": 5239304.0, "SERVICEAREATYPE": "Rasteplads", "SERVICEAREANAME": "Bjøvlund Syd" }, "geometry": { "type": "Polygon", "coordinates": [ [ [ 8.8523525, 55.5182411 ], [ 8.8502943, 55.5178983 ], [ 8.849633, 55.517781 ], [ 8.8505866, 55.5160225 ], [ 8.8521447, 55.5162881 ], [ 8.8541289, 55.5168494 ], [ 8.8534095, 55.5176425 ], [ 8.8533106, 55.5175967 ], [ 8.8531726, 55.5175338 ], [ 8.852945, 55.517446 ], [ 8.8528949, 55.5174265 ], [ 8.8528556, 55.5174089 ], [ 8.8523525, 55.5182411 ] ] ] } },
{ "type": "Feature", "properties": { "gml_id": "restareas.23", "gml_id2": "restareas.fid-2a2e2400_1998da19001_79d0", "SERVICEAREAID": 5255804.0, "SERVICEAREATYPE": "Rasteanlæg", "SERVICEAREANAME": "Harte Nord" }, "geometry": { "type": "Polygon", "coordinates": [ [ [ 9.3965828, 55.5131752 ], [ 9.3990512, 55.513502 ], [ 9.4011056, 55.5137149 ], [ 9.4027567, 55.5138513 ], [ 9.4029888, 55.513868 ], [ 9.4030426, 55.5149334 ], [ 9.4015015, 55.5150577 ], [ 9.4011399, 55.5150812 ], [ 9.4006221, 55.515089 ], [ 9.4006071, 55.5151067 ], [ 9.4005432, 55.5150884 ], [ 9.4004306, 55.515087 ], [ 9.3997511, 55.5151563 ], [ 9.3990946, 55.515186 ], [ 9.3991087, 55.5145512 ], [ 9.3962125, 55.5143874 ], [ 9.3963135, 55.5135235 ], [ 9.3965828, 55.5131752 ] ] ] } },
{ "type": "Feature", "properties": { "gml_id": "restareas.24", "gml_id2": "restareas.fid-2a2e2400_1998da19001_79d1", "SERVICEAREAID": 5230510.0, "SERVICEAREATYPE": "Rasteanlæg", "SERVICEAREANAME": "Harte Syd" }, "geometry": { "type": "Polygon", "coordinates": [ [ [ 9.3914591, 55.5110505 ], [ 9.3939625, 55.5112608 ], [ 9.3939669, 55.5112472 ], [ 9.394032, 55.511254 ], [ 9.3940277, 55.5112662 ], [ 9.3960232, 55.511416 ], [ 9.3976663, 55.5123473 ], [ 9.3974015, 55.512982 ], [ 9.3967082, 55.5128884 ], [ 9.3912288, 55.5120764 ], [ 9.3912655, 55.5111272 ], [ 9.3914591, 55.5110505 ] ] ] } },
{ "type": "Feature", "properties": { "gml_id": "restareas.25", "gml_id2": "restareas.fid-2a2e2400_1998da19001_79d2", "SERVICEAREAID": 5237441.0, "SERVICEAREATYPE": "Rasteplads", "SERVICEAREANAME": "Høgellund" }, "geometry": { "type": "Polygon", "coordinates": [ [ [ 9.1624828, 55.77664 ], [ 9.1602027, 55.7762525 ], [ 9.1604253, 55.7756179 ], [ 9.1606865, 55.7757387 ], [ 9.1606449, 55.7757667 ], [ 9.1616908, 55.7762612 ], [ 9.1617312, 55.7762298 ], [ 9.1619548, 55.7763324 ], [ 9.1619331, 55.7763488 ], [ 9.1618939, 55.7763408 ], [ 9.1618769, 55.776351 ], [ 9.1624828, 55.77664 ] ] ] } },
{ "type": "Feature", "properties": { "gml_id": "restareas.26", "gml_id2": "restareas.fid-2a2e2400_1998da19001_79d3", "SERVICEAREAID": 5255737.0, "SERVICEAREATYPE": "Rasteplads", "SERVICEAREANAME": "Båstlund" }, "geometry": { "type": "Polygon", "coordinates": [ [ [ 9.143557, 55.7608037 ], [ 9.1432751, 55.7608443 ], [ 9.1431678, 55.7605973 ], [ 9.1432378, 55.7605908 ], [ 9.1430053, 55.7600401 ], [ 9.1426021, 55.759391 ], [ 9.1425749, 55.759356 ], [ 9.1425184, 55.7593744 ], [ 9.142382, 55.7591962 ], [ 9.1424051, 55.7591907 ], [ 9.1424511, 55.7592184 ], [ 9.1424885, 55.759213 ], [ 9.1423044, 55.7589874 ], [ 9.1421294, 55.7588121 ], [ 9.1421441, 55.7588084 ], [ 9.1431876, 55.7595857 ], [ 9.143557, 55.7608037 ] ] ] } },
{ "type": "Feature", "properties": { "gml_id": "restareas.27", "gml_id2": "restareas.fid-2a2e2400_1998da19001_79d4", "SERVICEAREAID": 5230800.0, "SERVICEAREATYPE": "Samkørselsplads", "SERVICEAREANAME": "Nørre Aaby N" }, "geometry": { "type": "Polygon", "coordinates": [ [ [ 9.8934537, 55.4670856 ], [ 9.8928979, 55.4672757 ], [ 9.8928217, 55.4671966 ], [ 9.8928189, 55.4672307 ], [ 9.8926379, 55.4670469 ], [ 9.89272, 55.467082 ], [ 9.8923318, 55.4666772 ], [ 9.8923341, 55.4667212 ], [ 9.8921545, 55.4665096 ], [ 9.8922294, 55.4665563 ], [ 9.8921615, 55.4664787 ], [ 9.8927152, 55.4663236 ], [ 9.8934537, 55.4670856 ] ] ] } },
{ "type": "Feature", "properties": { "gml_id": "restareas.28", "gml_id2": "restareas.fid-2a2e2400_1998da19001_79d5", "SERVICEAREAID": 5230898.0, "SERVICEAREATYPE": "Rasteplads", "SERVICEAREANAME": "Tellerup S" }, "geometry": { "type": "Polygon", "coordinates": [ [ [ 9.9170451, 55.3866693 ], [ 9.9170111, 55.3867302 ], [ 9.9170204, 55.3867729 ], [ 9.9169797, 55.3868171 ], [ 9.9170098, 55.3868514 ], [ 9.9169426, 55.3870206 ], [ 9.9169892, 55.387032 ], [ 9.9170256, 55.3870854 ], [ 9.9163082, 55.3877691 ], [ 9.9161832, 55.3877673 ], [ 9.9161031, 55.3877256 ], [ 9.9161861, 55.3876192 ], [ 9.9162292, 55.3876223 ], [ 9.9166745, 55.3870712 ], [ 9.9166262, 55.3870598 ], [ 9.9167153, 55.3869404 ], [ 9.916741, 55.3869663 ], [ 9.9167755, 55.3869635 ], [ 9.9169604, 55.386761 ], [ 9.917026, 55.386657 ], [ 9.9170451, 55.3866693 ] ] ] } },
{ "type": "Feature", "properties": { "gml_id": "restareas.29", "gml_id2": "restareas.fid-2a2e2400_1998da19001_79d6", "SERVICEAREAID": 5228308.0, "SERVICEAREATYPE": "Rasteanlæg", "SERVICEAREANAME": "Blankhøj" }, "geometry": { "type": "Polygon", "coordinates": [ [ [ 10.0655927, 56.1745985 ], [ 10.0672606, 56.1756267 ], [ 10.0675507, 56.1763298 ], [ 10.0674249, 56.176689 ], [ 10.0662919, 56.1769749 ], [ 10.0660147, 56.1766939 ], [ 10.0656617, 56.1763493 ], [ 10.0653285, 56.1760441 ], [ 10.0650332, 56.1757838 ], [ 10.0645573, 56.1753819 ], [ 10.064662, 56.1753133 ], [ 10.0650731, 56.1750474 ], [ 10.0648481, 56.1749543 ], [ 10.0652162, 56.1746888 ], [ 10.0655927, 56.1745985 ] ] ] } },
{ "type": "Feature", "properties": { "gml_id": "restareas.30", "gml_id2": "restareas.fid-2a2e2400_1998da19001_79d7", "SERVICEAREAID": 5237855.0, "SERVICEAREATYPE": "Rasteanlæg", "SERVICEAREANAME": "Pedersminde" }, "geometry": { "type": "Polygon", "coordinates": [ [ [ 10.0656405, 56.1768997 ], [ 10.0658455, 56.1771061 ], [ 10.066196, 56.1774839 ], [ 10.0663972, 56.1777009 ], [ 10.0665469, 56.1778707 ], [ 10.0668988, 56.1782966 ], [ 10.0672514, 56.178793 ], [ 10.0668636, 56.1789406 ], [ 10.0666698, 56.1788124 ], [ 10.0665141, 56.1788809 ], [ 10.0666956, 56.1790005 ], [ 10.0656292, 56.179399 ], [ 10.064145, 56.1775844 ], [ 10.0650229, 56.1770321 ], [ 10.0656403, 56.1768939 ], [ 10.0656405, 56.1768997 ] ] ] } },
{ "type": "Feature", "properties": { "gml_id": "restareas.31", "gml_id2": "restareas.fid-2a2e2400_1998da19001_79d8", "SERVICEAREAID": 5246757.0, "SERVICEAREATYPE": "Rasteanlæg", "SERVICEAREANAME": "Skærup Øst" }, "geometry": { "type": "Polygon", "coordinates": [ [ [ 9.5622707, 55.6387386 ], [ 9.5623169, 55.6389347 ], [ 9.5623542, 55.6390874 ], [ 9.5625279, 55.6391929 ], [ 9.5630876, 55.6394918 ], [ 9.5632055, 55.6397012 ], [ 9.5632984, 55.6397675 ], [ 9.5635555, 55.6399011 ], [ 9.5636875, 55.6400363 ], [ 9.5637811, 55.6402773 ], [ 9.5639018, 55.6404725 ], [ 9.564, 55.6408344 ], [ 9.5641732, 55.6412996 ], [ 9.5642369, 55.6413092 ], [ 9.5643991, 55.6417068 ], [ 9.5646856, 55.6423812 ], [ 9.5627076, 55.6427397 ], [ 9.5624594, 55.6431407 ], [ 9.5624162, 55.6431766 ], [ 9.5623241, 55.6431451 ], [ 9.5623763, 55.6430902 ], [ 9.5624167, 55.6430354 ], [ 9.5624437, 55.6429806 ], [ 9.5624548, 55.6429353 ], [ 9.5624575, 55.6428906 ], [ 9.5624475, 55.6428351 ], [ 9.5624258, 55.6427871 ], [ 9.5623922, 55.6427279 ], [ 9.5623674, 55.642699 ], [ 9.5623306, 55.6426559 ], [ 9.5622549, 55.6425935 ], [ 9.5620387, 55.6424104 ], [ 9.5617043, 55.642131 ], [ 9.5615835, 55.6420279 ], [ 9.5615118, 55.641955 ], [ 9.5614699, 55.6419053 ], [ 9.5614364, 55.6418512 ], [ 9.5614119, 55.6417843 ], [ 9.5613984, 55.6417211 ], [ 9.5613957, 55.641655 ], [ 9.5614122, 55.6415751 ], [ 9.5614432, 55.6415065 ], [ 9.5614844, 55.6414468 ], [ 9.5610463, 55.641402 ], [ 9.5610927, 55.6409967 ], [ 9.5612071, 55.6402982 ], [ 9.5613257, 55.6395978 ], [ 9.5614599, 55.6389942 ], [ 9.561572, 55.6385516 ], [ 9.5621495, 55.63849 ], [ 9.5622707, 55.6387386 ] ] ] } },
{ "type": "Feature", "properties": { "gml_id": "restareas.32", "gml_id2": "restareas.fid-2a2e2400_1998da19001_79d9", "SERVICEAREAID": 5246342.0, "SERVICEAREATYPE": "Rasteanlæg", "SERVICEAREANAME": "Skærup Vest" }, "geometry": { "type": "Polygon", "coordinates": [ [ [ 9.5604554, 55.6411155 ], [ 9.5603465, 55.6419591 ], [ 9.5602735, 55.643092 ], [ 9.5602744, 55.6431636 ], [ 9.5594769, 55.6435186 ], [ 9.5594527, 55.6434918 ], [ 9.5594279, 55.6434648 ], [ 9.5594083, 55.6434487 ], [ 9.5593946, 55.6434307 ], [ 9.5593835, 55.6434151 ], [ 9.5593757, 55.6433999 ], [ 9.5591356, 55.6434847 ], [ 9.559307, 55.6435928 ], [ 9.5587445, 55.6438501 ], [ 9.5575973, 55.6431619 ], [ 9.556986, 55.6427661 ], [ 9.5566791, 55.6428048 ], [ 9.5562733, 55.6423319 ], [ 9.5574302, 55.6413142 ], [ 9.557007, 55.640865 ], [ 9.5586673, 55.6398491 ], [ 9.5588049, 55.6398084 ], [ 9.5606507, 55.639859 ], [ 9.5604554, 55.6411155 ] ] ] } },
{ "type": "Feature", "properties": { "gml_id": "restareas.33", "gml_id2": "restareas.fid-2a2e2400_1998da19001_79da", "SERVICEAREAID": 5240519.0, "SERVICEAREATYPE": "Rasteplads", "SERVICEAREANAME": "Nørremark" }, "geometry": { "type": "Polygon", "coordinates": [ [ [ 9.6937687, 55.8215101 ], [ 9.693707, 55.8206941 ], [ 9.6940988, 55.820688 ], [ 9.6941416, 55.8213664 ], [ 9.6941525, 55.8215393 ], [ 9.6950069, 55.8219156 ], [ 9.6956047, 55.8218391 ], [ 9.696337, 55.8233176 ], [ 9.6965453, 55.8237313 ], [ 9.6965773, 55.8237724 ], [ 9.6961698, 55.8238903 ], [ 9.6957227, 55.8236308 ], [ 9.6951947, 55.8233283 ], [ 9.6942992, 55.8227932 ], [ 9.6937596, 55.8224673 ], [ 9.6934296, 55.8222651 ], [ 9.6934058, 55.8222485 ], [ 9.6938583, 55.8220177 ], [ 9.6933889, 55.8217337 ], [ 9.69354, 55.8216394 ], [ 9.6937687, 55.8215101 ] ] ] } },
{ "type": "Feature", "properties": { "gml_id": "restareas.34", "gml_id2": "restareas.fid-2a2e2400_1998da19001_79db", "SERVICEAREAID": 5244971.0, "SERVICEAREATYPE": "Rasteplads", "SERVICEAREANAME": "Merring" }, "geometry": { "type": "Polygon", "coordinates": [ [ [ 9.7003745, 55.8265023 ], [ 9.7020253, 55.8273158 ], [ 9.7029717, 55.8277564 ], [ 9.7023745, 55.8281653 ], [ 9.7015603, 55.8284596 ], [ 9.7002551, 55.8278371 ], [ 9.700161, 55.8270669 ], [ 9.6999827, 55.8267486 ], [ 9.6999185, 55.8266792 ], [ 9.7003745, 55.8265023 ] ] ] } },
{ "type": "Feature", "properties": { "gml_id": "restareas.35", "gml_id2": "restareas.fid-2a2e2400_1998da19001_79dc", "SERVICEAREAID": 5254349.0, "SERVICEAREATYPE": "Rasteanlæg", "SERVICEAREANAME": "Ejerbavnehøj Vest" }, "geometry": { "type": "Polygon", "coordinates": [ [ [ 9.867173, 55.9773001 ], [ 9.8672147, 55.9774532 ], [ 9.8672883, 55.9776787 ], [ 9.8673935, 55.9780616 ], [ 9.867505, 55.9786221 ], [ 9.8675681, 55.9790422 ], [ 9.8676208, 55.9794645 ], [ 9.8676463, 55.9798461 ], [ 9.8676497, 55.9799277 ], [ 9.8665051, 55.9803492 ], [ 9.8662772, 55.9802092 ], [ 9.8659658, 55.9800466 ], [ 9.8658408, 55.9801091 ], [ 9.8661247, 55.9802507 ], [ 9.8662483, 55.9803174 ], [ 9.8663765, 55.9803966 ], [ 9.8656348, 55.9806688 ], [ 9.8655467, 55.9806264 ], [ 9.8653136, 55.9805696 ], [ 9.8651306, 55.9805158 ], [ 9.8649838, 55.9804538 ], [ 9.8648505, 55.9803697 ], [ 9.8647371, 55.9802752 ], [ 9.8648095, 55.980251 ], [ 9.8650422, 55.9801413 ], [ 9.8645674, 55.9798885 ], [ 9.864496, 55.9798463 ], [ 9.8644492, 55.9798026 ], [ 9.8634351, 55.9785246 ], [ 9.8633975, 55.9784378 ], [ 9.863483, 55.9778471 ], [ 9.8635682, 55.9774186 ], [ 9.8670954, 55.9770963 ], [ 9.867173, 55.9773001 ] ] ] } },
{ "type": "Feature", "properties": { "gml_id": "restareas.36", "gml_id2": "restareas.fid-2a2e2400_1998da19001_79dd", "SERVICEAREAID": 5249641.0, "SERVICEAREATYPE": "Rasteanlæg", "SERVICEAREANAME": "Ejerbavnehøj Øst" }, "geometry": { "type": "Polygon", "coordinates": [ [ [ 9.8707456, 55.9766652 ], [ 9.8710507, 55.9769871 ], [ 9.8711608, 55.9776569 ], [ 9.8712264, 55.9786898 ], [ 9.8706949, 55.9787715 ], [ 9.8707434, 55.9785842 ], [ 9.8701783, 55.9785391 ], [ 9.8700929, 55.9788749 ], [ 9.8704221, 55.9788199 ], [ 9.8705973, 55.9788592 ], [ 9.8706959, 55.9794921 ], [ 9.8700498, 55.9797418 ], [ 9.8691971, 55.9796773 ], [ 9.8689064, 55.9796554 ], [ 9.8687119, 55.9796358 ], [ 9.8685245, 55.9796219 ], [ 9.8682646, 55.9796026 ], [ 9.8682564, 55.9794244 ], [ 9.86819, 55.9788654 ], [ 9.8680835, 55.9782599 ], [ 9.8677998, 55.9772362 ], [ 9.8676226, 55.9767656 ], [ 9.8704923, 55.9764034 ], [ 9.8707456, 55.9766652 ] ] ] } },
{ "type": "Feature", "properties": { "gml_id": "restareas.37", "gml_id2": "restareas.fid-2a2e2400_1998da19001_79de", "SERVICEAREAID": 5235082.0, "SERVICEAREATYPE": "Rasteplads", "SERVICEAREANAME": "Fuglsang Vest" }, "geometry": { "type": "Polygon", "coordinates": [ [ [ 9.9258491, 56.0516783 ], [ 9.9255521, 56.0517047 ], [ 9.9251102, 56.0516918 ], [ 9.9249463, 56.0515952 ], [ 9.9248244, 56.0514394 ], [ 9.9245847, 56.0514535 ], [ 9.9241724, 56.0515357 ], [ 9.9241965, 56.0505793 ], [ 9.9241595, 56.050228 ], [ 9.9240565, 56.0502045 ], [ 9.9241939, 56.049961 ], [ 9.9269312, 56.0504348 ], [ 9.926396, 56.0510498 ], [ 9.9263737, 56.0511562 ], [ 9.9258491, 56.0516783 ] ] ] } },
{ "type": "Feature", "properties": { "gml_id": "restareas.38", "gml_id2": "restareas.fid-2a2e2400_1998da19001_79df", "SERVICEAREAID": 5256577.0, "SERVICEAREATYPE": "Rasteplads", "SERVICEAREANAME": "Fuglsang Øst" }, "geometry": { "type": "Polygon", "coordinates": [ [ [ 9.9322434, 56.0508937 ], [ 9.9301058, 56.0504839 ], [ 9.9288743, 56.050267 ], [ 9.9290826, 56.0496835 ], [ 9.9285526, 56.0493426 ], [ 9.9292874, 56.0491099 ], [ 9.929514, 56.04912 ], [ 9.932784, 56.0499061 ], [ 9.9323842, 56.0505315 ], [ 9.9324561, 56.050549 ], [ 9.9322434, 56.0508937 ] ] ] } },
{ "type": "Feature", "properties": { "gml_id": "restareas.39", "gml_id2": "restareas.fid-2a2e2400_1998da19001_79e0", "SERVICEAREAID": 5233364.0, "SERVICEAREATYPE": "Rasteplads", "SERVICEAREANAME": "Boserup Syd" }, "geometry": { "type": "Polygon", "coordinates": [ [ [ 11.9317135, 55.2606431 ], [ 11.9317103, 55.2606555 ], [ 11.9314192, 55.2606104 ], [ 11.9314308, 55.260579 ], [ 11.9301763, 55.2603864 ], [ 11.930176, 55.2604183 ], [ 11.9295635, 55.2603235 ], [ 11.9295691, 55.2603108 ], [ 11.9299562, 55.2603708 ], [ 11.930613, 55.2599824 ], [ 11.9316485, 55.2601287 ], [ 11.9316338, 55.2605246 ], [ 11.9316076, 55.2606055 ], [ 11.9317135, 55.2606431 ] ] ] } },
{ "type": "Feature", "properties": { "gml_id": "restareas.40", "gml_id2": "restareas.fid-2a2e2400_1998da19001_79e1", "SERVICEAREAID": 5251763.0, "SERVICEAREATYPE": "Rasteplads", "SERVICEAREANAME": "Boserup Nord" }, "geometry": { "type": "Polygon", "coordinates": [ [ [ 11.9362526, 55.2614358 ], [ 11.9357583, 55.2617828 ], [ 11.9347129, 55.2615763 ], [ 11.9346165, 55.2612235 ], [ 11.934632, 55.2612135 ], [ 11.9345304, 55.2611911 ], [ 11.9345009, 55.2611523 ], [ 11.9347415, 55.2611903 ], [ 11.9347558, 55.2612258 ], [ 11.9360212, 55.2614222 ], [ 11.9360549, 55.2613918 ], [ 11.9362657, 55.2614262 ], [ 11.9362526, 55.2614358 ] ] ] } },
{ "type": "Feature", "properties": { "gml_id": "restareas.41", "gml_id2": "restareas.fid-2a2e2400_1998da19001_79e2", "SERVICEAREAID": 5256944.0, "SERVICEAREATYPE": "Samkørselsplads", "SERVICEAREANAME": "Borup" }, "geometry": { "type": "Polygon", "coordinates": [ [ [ 11.9924526, 55.2580566 ], [ 11.99246, 55.2582365 ], [ 11.9913653, 55.2583844 ], [ 11.9911403, 55.2583736 ], [ 11.9910186, 55.2583509 ], [ 11.9909167, 55.258303 ], [ 11.9908202, 55.2583491 ], [ 11.9907213, 55.2583848 ], [ 11.9906139, 55.2584189 ], [ 11.9904058, 55.2584649 ], [ 11.9903334, 55.2584771 ], [ 11.9903303, 55.2584582 ], [ 11.990285, 55.2583697 ], [ 11.9906126, 55.2582914 ], [ 11.9908076, 55.2582087 ], [ 11.990974, 55.2580919 ], [ 11.9910626, 55.2579292 ], [ 11.9912822, 55.2578543 ], [ 11.991708, 55.257806 ], [ 11.9918255, 55.257808 ], [ 11.9919492, 55.2578517 ], [ 11.9922348, 55.2580077 ], [ 11.9923439, 55.2580428 ], [ 11.9924526, 55.2580566 ] ] ] } },
{ "type": "Feature", "properties": { "gml_id": "restareas.42", "gml_id2": "restareas.fid-2a2e2400_1998da19001_79e3", "SERVICEAREAID": 5260727.0, "SERVICEAREATYPE": "Rasteplads", "SERVICEAREANAME": "Hammer Torup" }, "geometry": { "type": "Polygon", "coordinates": [ [ [ 11.8993366, 55.1446688 ], [ 11.898782, 55.144993 ], [ 11.8984001, 55.1452684 ], [ 11.8979774, 55.1456052 ], [ 11.89787, 55.1455776 ], [ 11.89825, 55.1451124 ], [ 11.8984995, 55.1448673 ], [ 11.8986621, 55.14478 ], [ 11.8991903, 55.144575 ], [ 11.8993366, 55.1446688 ] ] ] } },
{ "type": "Feature", "properties": { "gml_id": "restareas.43", "gml_id2": "restareas.fid-2a2e2400_1998da19001_79e4", "SERVICEAREAID": 5251493.0, "SERVICEAREATYPE": "Rasteanlæg", "SERVICEAREANAME": "Rønnebæk" }, "geometry": { "type": "Polygon", "coordinates": [ [ [ 11.8059879, 55.2081431 ], [ 11.8059889, 55.2081573 ], [ 11.805978, 55.208169 ], [ 11.8059485, 55.2081919 ], [ 11.8058773, 55.2082371 ], [ 11.8054044, 55.2084672 ], [ 11.804936, 55.2087026 ], [ 11.804463, 55.2089437 ], [ 11.8037483, 55.2093316 ], [ 11.8027091, 55.2099092 ], [ 11.8026644, 55.2098755 ], [ 11.8026499, 55.2098359 ], [ 11.8026634, 55.2097867 ], [ 11.8027195, 55.209702 ], [ 11.8028567, 55.2096079 ], [ 11.803286, 55.2093465 ], [ 11.8046866, 55.2084452 ], [ 11.8055167, 55.2079261 ], [ 11.8057883, 55.2082381 ], [ 11.8059879, 55.2081431 ] ] ] } },
{ "type": "Feature", "properties": { "gml_id": "restareas.44", "gml_id2": "restareas.fid-2a2e2400_1998da19001_79e5", "SERVICEAREAID": 5251592.0, "SERVICEAREATYPE": "Rasteplads", "SERVICEAREANAME": "De Hvide Sten" }, "geometry": { "type": "Polygon", "coordinates": [ [ [ 12.2090244, 54.9666677 ], [ 12.208203, 54.9665726 ], [ 12.2082123, 54.9665468 ], [ 12.2075548, 54.966499 ], [ 12.2066258, 54.9664833 ], [ 12.2064788, 54.9664879 ], [ 12.2064806, 54.9665138 ], [ 12.2062818, 54.966507 ], [ 12.2061701, 54.9664476 ], [ 12.2059232, 54.9660459 ], [ 12.2061011, 54.9660208 ], [ 12.206426, 54.9660116 ], [ 12.2069323, 54.9660376 ], [ 12.2074791, 54.9660942 ], [ 12.208189, 54.9662517 ], [ 12.2083964, 54.9663128 ], [ 12.2083812, 54.9663443 ], [ 12.2089865, 54.9664928 ], [ 12.209311, 54.9665792 ], [ 12.2094734, 54.9666249 ], [ 12.2098947, 54.9667441 ], [ 12.20994, 54.9667619 ], [ 12.2099484, 54.966785 ], [ 12.209919, 54.9668305 ], [ 12.2098322, 54.9668104 ], [ 12.2097688, 54.9667936 ], [ 12.2095787, 54.9667424 ], [ 12.2095375, 54.9667335 ], [ 12.2095408, 54.9667239 ], [ 12.2094929, 54.9667138 ], [ 12.2094986, 54.9667027 ], [ 12.2094467, 54.9666941 ], [ 12.20943, 54.9667135 ], [ 12.2094031, 54.9667076 ], [ 12.2092912, 54.9666944 ], [ 12.2090762, 54.9666734 ], [ 12.2090244, 54.9666677 ] ] ] } },
{ "type": "Feature", "properties": { "gml_id": "restareas.45", "gml_id2": "restareas.fid-2a2e2400_1998da19001_79e6", "SERVICEAREAID": 5235842.0, "SERVICEAREATYPE": "Rasteanlæg", "SERVICEAREANAME": "Søby Øst" }, "geometry": { "type": "Polygon", "coordinates": [ [ [ 9.0055957, 56.0382049 ], [ 9.0056188, 56.0382294 ], [ 9.0057734, 56.0384573 ], [ 9.0058777, 56.0386945 ], [ 9.0059371, 56.0390598 ], [ 9.0058778, 56.0394249 ], [ 9.0057025, 56.0397775 ], [ 9.005417, 56.0401052 ], [ 9.0050311, 56.0403966 ], [ 9.0045586, 56.0406414 ], [ 9.0045196, 56.040655 ], [ 9.0033008, 56.0405314 ], [ 9.0029354, 56.0403726 ], [ 9.0037266, 56.038011 ], [ 9.0055957, 56.0382049 ] ] ] } },
{ "type": "Feature", "properties": { "gml_id": "restareas.46", "gml_id2": "restareas.fid-2a2e2400_1998da19001_79e7", "SERVICEAREAID": 5245953.0, "SERVICEAREATYPE": "Rasteanlæg", "SERVICEAREANAME": "Søby Vest" }, "geometry": { "type": "Polygon", "coordinates": [ [ [ 9.0032688, 56.0375218 ], [ 9.0024211, 56.0401131 ], [ 9.0024125, 56.040141 ], [ 9.0016001, 56.0400642 ], [ 9.0003274, 56.0407174 ], [ 8.9999563, 56.0405553 ], [ 8.9996921, 56.0403884 ], [ 8.9994705, 56.0402477 ], [ 8.9991681, 56.0399644 ], [ 8.9990555, 56.0398236 ], [ 8.9989809, 56.0397218 ], [ 8.9988776, 56.0395172 ], [ 8.9988245, 56.0393624 ], [ 8.9987849, 56.0391162 ], [ 8.998798, 56.0388691 ], [ 8.9988639, 56.0386248 ], [ 8.9990582, 56.0382718 ], [ 8.9993612, 56.0379461 ], [ 8.9997627, 56.037659 ], [ 9.0002483, 56.0374203 ], [ 9.000744, 56.0372571 ], [ 9.0032688, 56.0375218 ] ] ] } },
{ "type": "Feature", "properties": { "gml_id": "restareas.47", "gml_id2": "restareas.fid-2a2e2400_1998da19001_79e8", "SERVICEAREAID": 5228590.0, "SERVICEAREATYPE": "Rasteplads", "SERVICEAREANAME": "Knagelbjerg" }, "geometry": { "type": "Polygon", "coordinates": [ [ [ 10.292675, 55.13223 ], [ 10.2926027, 55.1323049 ], [ 10.2916451, 55.1321668 ], [ 10.2911949, 55.1320541 ], [ 10.290827, 55.1318979 ], [ 10.2898445, 55.1313061 ], [ 10.2899493, 55.1312625 ], [ 10.2905849, 55.1315773 ], [ 10.290602, 55.1315622 ], [ 10.2909754, 55.1317228 ], [ 10.2915571, 55.1319228 ], [ 10.2918327, 55.132 ], [ 10.2917541, 55.132 ], [ 10.292675, 55.13223 ] ] ] } },
{ "type": "Feature", "properties": { "gml_id": "restareas.48", "gml_id2": "restareas.fid-2a2e2400_1998da19001_79e9", "SERVICEAREAID": 5239136.0, "SERVICEAREATYPE": "Rasteplads", "SERVICEAREANAME": "Bøjden Færgehavn" }, "geometry": { "type": "Polygon", "coordinates": [ [ [ 10.0850056, 55.1042628 ], [ 10.084984, 55.104426 ], [ 10.0846473, 55.1046293 ], [ 10.084356, 55.1048399 ], [ 10.0845669, 55.1048107 ], [ 10.0836067, 55.1056791 ], [ 10.0824414, 55.1059876 ], [ 10.0823548, 55.1059616 ], [ 10.0822813, 55.1059141 ], [ 10.0822642, 55.1058554 ], [ 10.0824085, 55.1055735 ], [ 10.0824694, 55.105496 ], [ 10.0826163, 55.1054103 ], [ 10.0827227, 55.105314 ], [ 10.0827951, 55.1052858 ], [ 10.0828931, 55.1051695 ], [ 10.0829019, 55.1050365 ], [ 10.0828139, 55.1049103 ], [ 10.0827486, 55.1048704 ], [ 10.0825406, 55.1048498 ], [ 10.0823761, 55.1047557 ], [ 10.0824866, 55.1046503 ], [ 10.0823789, 55.1045965 ], [ 10.0824058, 55.1045805 ], [ 10.0823521, 55.1045476 ], [ 10.0823843, 55.104528 ], [ 10.0822946, 55.1045264 ], [ 10.0821164, 55.1045676 ], [ 10.0818295, 55.1047094 ], [ 10.0816896, 55.1046388 ], [ 10.0824134, 55.1044007 ], [ 10.0822677, 55.1043809 ], [ 10.0823085, 55.1038136 ], [ 10.0843044, 55.104142 ], [ 10.084552, 55.1041878 ], [ 10.0846514, 55.1042255 ], [ 10.0850009, 55.1042295 ], [ 10.0850056, 55.1042628 ] ] ] } },
{ "type": "Feature", "properties": { "gml_id": "restareas.49", "gml_id2": "restareas.fid-2a2e2400_1998da19001_79ea", "SERVICEAREAID": 5234045.0, "SERVICEAREATYPE": "Rasteanlæg", "SERVICEAREANAME": "Gudenå Øst" }, "geometry": { "type": "Polygon", "coordinates": [ [ [ 10.0028182, 56.4487068 ], [ 10.0026343, 56.4496331 ], [ 10.0019677, 56.4499653 ], [ 10.001966, 56.4499365 ], [ 10.0014793, 56.4501317 ], [ 10.0005986, 56.4497582 ], [ 10.0005218, 56.4497445 ], [ 10.0007026, 56.4495679 ], [ 10.0006816, 56.4495456 ], [ 10.0006531, 56.4495137 ], [ 10.0008192, 56.4494221 ], [ 10.0020899, 56.4484586 ], [ 10.0022584, 56.4485096 ], [ 10.0022952, 56.4485237 ], [ 10.0028182, 56.4487068 ] ] ] } },
{ "type": "Feature", "properties": { "gml_id": "restareas.50", "gml_id2": "restareas.fid-2a2e2400_1998da19001_79eb", "SERVICEAREAID": 5238106.0, "SERVICEAREATYPE": "Rasteanlæg", "SERVICEAREANAME": "Gudenå Vest" }, "geometry": { "type": "Polygon", "coordinates": [ [ [ 9.9998878, 56.4496541 ], [ 9.9997053, 56.4497507 ], [ 9.99942, 56.4499638 ], [ 9.9984471, 56.4507058 ], [ 9.9983964, 56.450745 ], [ 9.9983109, 56.4508275 ], [ 9.9977933, 56.4507367 ], [ 9.9978577, 56.4505817 ], [ 9.9977827, 56.4503376 ], [ 9.9977314, 56.4503102 ], [ 9.99782, 56.4499968 ], [ 9.997921, 56.4499144 ], [ 9.9980276, 56.4498596 ], [ 9.9983194, 56.4497575 ], [ 9.9986403, 56.4491793 ], [ 9.9987184, 56.4491888 ], [ 9.9988783, 56.4492082 ], [ 9.9989863, 56.4492361 ], [ 9.999135, 56.4492646 ], [ 9.9993902, 56.4492314 ], [ 10.0000147, 56.4494224 ], [ 10.0000669, 56.4494524 ], [ 9.9999913, 56.4495074 ], [ 9.9999211, 56.4495468 ], [ 9.9998694, 56.4495732 ], [ 9.9998004, 56.4496005 ], [ 9.9998878, 56.4496541 ] ] ] } },
{ "type": "Feature", "properties": { "gml_id": "restareas.51", "gml_id2": "restareas.fid-2a2e2400_1998da19001_79ec", "SERVICEAREAID": 5256337.0, "SERVICEAREATYPE": "Rasteplads", "SERVICEAREANAME": "Glenshøj Vest" }, "geometry": { "type": "Polygon", "coordinates": [ [ [ 9.851316, 56.5707507 ], [ 9.8506174, 56.5711055 ], [ 9.8494541, 56.5716591 ], [ 9.8486192, 56.5713987 ], [ 9.8485948, 56.5713282 ], [ 9.8485444, 56.5713186 ], [ 9.8478132, 56.5711461 ], [ 9.8492251, 56.5698131 ], [ 9.8505686, 56.5698251 ], [ 9.8511465, 56.5705116 ], [ 9.8510752, 56.5705356 ], [ 9.851316, 56.5707507 ] ] ] } },
{ "type": "Feature", "properties": { "gml_id": "restareas.52", "gml_id2": "restareas.fid-2a2e2400_1998da19001_79ed", "SERVICEAREAID": 5255419.0, "SERVICEAREATYPE": "Rasteplads", "SERVICEAREANAME": "Glenshøj Øst" }, "geometry": { "type": "Polygon", "coordinates": [ [ [ 9.8536252, 56.5717706 ], [ 9.8516184, 56.5728544 ], [ 9.8509065, 56.5728478 ], [ 9.8498834, 56.5718292 ], [ 9.8504489, 56.5715658 ], [ 9.8512684, 56.5711567 ], [ 9.8515576, 56.5710123 ], [ 9.8524372, 56.5712961 ], [ 9.8523607, 56.571377 ], [ 9.8524742, 56.5714051 ], [ 9.8536252, 56.5717706 ] ] ] } },
{ "type": "Feature", "properties": { "gml_id": "restareas.53", "gml_id2": "restareas.fid-2a2e2400_1998da19001_79ee", "SERVICEAREAID": 5247967.0, "SERVICEAREATYPE": "Rasteplads", "SERVICEAREANAME": "Senhøj Vest" }, "geometry": { "type": "Polygon", "coordinates": [ [ [ 9.7018072, 56.734628 ], [ 9.7024712, 56.7338369 ], [ 9.7030002, 56.7332498 ], [ 9.7041741, 56.7327475 ], [ 9.7048578, 56.7325537 ], [ 9.7054836, 56.7327636 ], [ 9.705274, 56.732978 ], [ 9.7052276, 56.7330401 ], [ 9.7050501, 56.7332151 ], [ 9.7048853, 56.7333762 ], [ 9.7046164, 56.7337058 ], [ 9.7044471, 56.7338988 ], [ 9.7042974, 56.7340379 ], [ 9.7041891, 56.7341583 ], [ 9.7040347, 56.7343069 ], [ 9.7039728, 56.7344396 ], [ 9.7034507, 56.7350969 ], [ 9.7034156, 56.7350977 ], [ 9.7034627, 56.7349367 ], [ 9.7034834, 56.7348209 ], [ 9.7034852, 56.7347056 ], [ 9.7034645, 56.7344271 ], [ 9.7034528, 56.7343112 ], [ 9.7034523, 56.7342958 ], [ 9.7032402, 56.7343011 ], [ 9.703274, 56.7344781 ], [ 9.70329, 56.7346583 ], [ 9.7032911, 56.734779 ], [ 9.7032691, 56.7349085 ], [ 9.7032485, 56.7350006 ], [ 9.7032192, 56.735088 ], [ 9.7031599, 56.7352096 ], [ 9.7022231, 56.7351135 ], [ 9.7018917, 56.7348049 ], [ 9.7018072, 56.734628 ] ] ] } },
{ "type": "Feature", "properties": { "gml_id": "restareas.54", "gml_id2": "restareas.fid-2a2e2400_1998da19001_79ef", "SERVICEAREAID": 5245255.0, "SERVICEAREATYPE": "Rasteplads", "SERVICEAREANAME": "Senhøj Øst" }, "geometry": { "type": "Polygon", "coordinates": [ [ [ 9.7043452, 56.7348453 ], [ 9.7049243, 56.7341475 ], [ 9.7051306, 56.7339662 ], [ 9.7053396, 56.7337085 ], [ 9.7055183, 56.7335328 ], [ 9.7063011, 56.7335129 ], [ 9.7064654, 56.7335074 ], [ 9.706662, 56.7335002 ], [ 9.7066828, 56.733664 ], [ 9.7066823, 56.7337246 ], [ 9.7067499, 56.7342918 ], [ 9.7060592, 56.7353054 ], [ 9.7059578, 56.7354542 ], [ 9.7060371, 56.7357398 ], [ 9.7057927, 56.7360668 ], [ 9.7050568, 56.7361297 ], [ 9.7038395, 56.7356692 ], [ 9.7042067, 56.7352653 ], [ 9.7045314, 56.7349678 ], [ 9.7042971, 56.7349003 ], [ 9.7043452, 56.7348453 ] ] ] } },
{ "type": "Feature", "properties": { "gml_id": "restareas.55", "gml_id2": "restareas.fid-2a2e2400_1998da19001_79f0", "SERVICEAREAID": 5260763.0, "SERVICEAREATYPE": "Rasteanlæg", "SERVICEAREANAME": "Himmerland Øst" }, "geometry": { "type": "Polygon", "coordinates": [ [ [ 9.7406798, 56.8408698 ], [ 9.7407609, 56.8408893 ], [ 9.7409097, 56.8409546 ], [ 9.741321, 56.8410135 ], [ 9.7418709, 56.8410437 ], [ 9.7420676, 56.8410425 ], [ 9.7426308, 56.8409953 ], [ 9.7426201, 56.8409803 ], [ 9.7428158, 56.8409527 ], [ 9.7428, 56.8409442 ], [ 9.7428501, 56.8409344 ], [ 9.7431488, 56.8408604 ], [ 9.7431586, 56.8408478 ], [ 9.7431468, 56.8408341 ], [ 9.7429419, 56.8408688 ], [ 9.7428455, 56.8408755 ], [ 9.7427886, 56.8408693 ], [ 9.7427511, 56.84084 ], [ 9.7427339, 56.8408038 ], [ 9.7426853, 56.8406813 ], [ 9.7427801, 56.8407002 ], [ 9.7428351, 56.8407707 ], [ 9.7429629, 56.8408254 ], [ 9.743221, 56.8407531 ], [ 9.7430773, 56.8406838 ], [ 9.7433392, 56.8406943 ], [ 9.7433794, 56.8405689 ], [ 9.7440498, 56.8407422 ], [ 9.7441321, 56.8407559 ], [ 9.7442439, 56.8407421 ], [ 9.745479, 56.8420947 ], [ 9.7436334, 56.8428176 ], [ 9.7429386, 56.8423673 ], [ 9.7418162, 56.8417171 ], [ 9.7408531, 56.8411933 ], [ 9.7405623, 56.841057 ], [ 9.7406798, 56.8408698 ] ] ] } },
{ "type": "Feature", "properties": { "gml_id": "restareas.56", "gml_id2": "restareas.fid-2a2e2400_1998da19001_79f1", "SERVICEAREAID": 5244390.0, "SERVICEAREATYPE": "Rasteanlæg", "SERVICEAREANAME": "Himmerland Vest" }, "geometry": { "type": "Polygon", "coordinates": [ [ [ 9.7401487, 56.8415142 ], [ 9.7408447, 56.841992 ], [ 9.7410039, 56.8421215 ], [ 9.7415377, 56.8424439 ], [ 9.7423311, 56.8428457 ], [ 9.7429884, 56.8431165 ], [ 9.7436634, 56.8434405 ], [ 9.7435177, 56.8435307 ], [ 9.743259, 56.8434343 ], [ 9.7431081, 56.8433516 ], [ 9.7426445, 56.8432785 ], [ 9.7417844, 56.84323 ], [ 9.7415306, 56.8432345 ], [ 9.7412248, 56.8433546 ], [ 9.7411231, 56.843371 ], [ 9.7410509, 56.843379 ], [ 9.740956, 56.8433728 ], [ 9.7409152, 56.8433584 ], [ 9.7408416, 56.843454 ], [ 9.7411711, 56.8438381 ], [ 9.7401866, 56.8441627 ], [ 9.7384419, 56.8422914 ], [ 9.7394633, 56.8420054 ], [ 9.739261, 56.8417936 ], [ 9.7401487, 56.8415142 ] ] ] } },
{ "type": "Feature", "properties": { "gml_id": "restareas.57", "gml_id2": "restareas.fid-2a2e2400_1998da19001_79f2", "SERVICEAREAID": 5255151.0, "SERVICEAREATYPE": "Rasteplads", "SERVICEAREANAME": "Limfjorden" }, "geometry": { "type": "Polygon", "coordinates": [ [ [ 9.8991435, 56.9912432 ], [ 9.9001447, 56.9909979 ], [ 9.9003794, 56.9913184 ], [ 9.900879, 56.9921245 ], [ 9.9005218, 56.9922218 ], [ 9.9003088, 56.9922804 ], [ 9.8991596, 56.9916811 ], [ 9.8988467, 56.9915279 ], [ 9.8989767, 56.99141 ], [ 9.8991435, 56.9912432 ] ] ] } },
{ "type": "Feature", "properties": { "gml_id": "restareas.58", "gml_id2": "restareas.fid-2a2e2400_1998da19001_79f3", "SERVICEAREAID": 5229627.0, "SERVICEAREATYPE": "Rasteanlæg", "SERVICEAREANAME": "Dall" }, "geometry": { "type": "Polygon", "coordinates": [ [ [ 9.900127, 56.9927043 ], [ 9.9001794, 56.9927388 ], [ 9.9006306, 56.9929954 ], [ 9.9011692, 56.9933342 ], [ 9.9016833, 56.9936783 ], [ 9.9021557, 56.9940292 ], [ 9.9029763, 56.9946828 ], [ 9.9028561, 56.9949705 ], [ 9.9028749, 56.9950978 ], [ 9.9028515, 56.9951379 ], [ 9.9027816, 56.9951798 ], [ 9.9027253, 56.9951442 ], [ 9.9025283, 56.9952336 ], [ 9.9028275, 56.9954049 ], [ 9.9025409, 56.9955275 ], [ 9.9024001, 56.9954478 ], [ 9.9022831, 56.995428 ], [ 9.9021253, 56.9954307 ], [ 9.9018858, 56.9954682 ], [ 9.9017382, 56.995476 ], [ 9.9016126, 56.9954602 ], [ 9.9012541, 56.9953714 ], [ 9.9008967, 56.9952409 ], [ 9.9005713, 56.9950767 ], [ 9.9001679, 56.9948288 ], [ 9.8999513, 56.9946674 ], [ 9.8997735, 56.9945034 ], [ 9.8995002, 56.9941225 ], [ 9.8993501, 56.9938527 ], [ 9.8993242, 56.9937542 ], [ 9.899414, 56.9931945 ], [ 9.8994161, 56.9930211 ], [ 9.8995108, 56.9927258 ], [ 9.8993759, 56.9926113 ], [ 9.8995984, 56.9925176 ], [ 9.8998953, 56.9927763 ], [ 9.8999161, 56.992809 ], [ 9.900127, 56.9927043 ] ] ] } },
{ "type": "Feature", "properties": { "gml_id": "restareas.59", "gml_id2": "restareas.fid-2a2e2400_1998da19001_79f4", "SERVICEAREAID": 5228920.0, "SERVICEAREATYPE": "Rasteanlæg", "SERVICEAREANAME": "Hjallerup Enge Øst" }, "geometry": { "type": "Polygon", "coordinates": [ [ [ 10.1581051, 57.1526913 ], [ 10.1580589, 57.1508531 ], [ 10.15942, 57.1504223 ], [ 10.1597711, 57.150322 ], [ 10.1599064, 57.1503165 ], [ 10.1600356, 57.1503314 ], [ 10.1601076, 57.15037 ], [ 10.1627223, 57.1527202 ], [ 10.1620353, 57.1535667 ], [ 10.1614675, 57.1534308 ], [ 10.1582676, 57.1527255 ], [ 10.1581051, 57.1526913 ] ] ] } },
{ "type": "Feature", "properties": { "gml_id": "restareas.60", "gml_id2": "restareas.fid-2a2e2400_1998da19001_79f5", "SERVICEAREAID": 5242781.0, "SERVICEAREATYPE": "Rasteplads", "SERVICEAREANAME": "Hjallerup Enge Vest" }, "geometry": { "type": "Polygon", "coordinates": [ [ [ 10.1597418, 57.1551894 ], [ 10.1572068, 57.1545824 ], [ 10.1559387, 57.1536461 ], [ 10.1566267, 57.1527588 ], [ 10.1567895, 57.1528013 ], [ 10.1584871, 57.1531578 ], [ 10.1597026, 57.1534239 ], [ 10.1597033, 57.1542122 ], [ 10.1597418, 57.1551894 ] ] ] } },
{ "type": "Feature", "properties": { "gml_id": "restareas.61", "gml_id2": "restareas.fid-2a2e2400_1998da19001_79f6", "SERVICEAREAID": 5232795.0, "SERVICEAREATYPE": "Rasteplads", "SERVICEAREANAME": "Øksenhede Øst" }, "geometry": { "type": "Polygon", "coordinates": [ [ [ 10.4550576, 57.3431247 ], [ 10.4552804, 57.3431155 ], [ 10.4561339, 57.3432103 ], [ 10.4570952, 57.3444308 ], [ 10.4566075, 57.3449555 ], [ 10.4556522, 57.3450483 ], [ 10.4553352, 57.3446737 ], [ 10.4548577, 57.3440729 ], [ 10.45436, 57.3434438 ], [ 10.4550576, 57.3431247 ] ] ] } },
{ "type": "Feature", "properties": { "gml_id": "restareas.62", "gml_id2": "restareas.fid-2a2e2400_1998da19001_79f7", "SERVICEAREAID": 5234783.0, "SERVICEAREATYPE": "Rasteplads", "SERVICEAREANAME": "Øksenhede Vest" }, "geometry": { "type": "Polygon", "coordinates": [ [ [ 10.4577749, 57.3499874 ], [ 10.4567328, 57.3490595 ], [ 10.4567843, 57.3479808 ], [ 10.4575726, 57.3478533 ], [ 10.4577599, 57.3480742 ], [ 10.4587398, 57.3489879 ], [ 10.4591695, 57.3493498 ], [ 10.4580339, 57.3499275 ], [ 10.4577749, 57.3499874 ] ] ] } },
{ "type": "Feature", "properties": { "gml_id": "restareas.63", "gml_id2": "restareas.fid-2a2e2400_1998da19001_79f8", "SERVICEAREAID": 5256140.0, "SERVICEAREATYPE": "Rasteanlæg", "SERVICEAREANAME": "Vildmosen Øst" }, "geometry": { "type": "Polygon", "coordinates": [ [ [ 9.9404732, 57.2228668 ], [ 9.9399144, 57.222292 ], [ 9.9388038, 57.221072 ], [ 9.9376825, 57.2197391 ], [ 9.9377073, 57.2197291 ], [ 9.9377973, 57.2198093 ], [ 9.9378947, 57.2198856 ], [ 9.9379695, 57.2199417 ], [ 9.9380742, 57.2200159 ], [ 9.9382069, 57.2201015 ], [ 9.9383955, 57.2202137 ], [ 9.9386264, 57.2203322 ], [ 9.9388374, 57.22043 ], [ 9.9390526, 57.2205201 ], [ 9.9394205, 57.22065 ], [ 9.9396881, 57.2207321 ], [ 9.9397809, 57.2206601 ], [ 9.9394966, 57.2205753 ], [ 9.9391898, 57.2204673 ], [ 9.9390194, 57.2203977 ], [ 9.9388621, 57.2203322 ], [ 9.938682, 57.2202429 ], [ 9.9384856, 57.2201379 ], [ 9.9382623, 57.2200045 ], [ 9.938136, 57.2199175 ], [ 9.9379857, 57.219807 ], [ 9.937871, 57.2197089 ], [ 9.9378882, 57.219695 ], [ 9.9378834, 57.2196775 ], [ 9.9380289, 57.219632 ], [ 9.9380421, 57.2196497 ], [ 9.9384011, 57.2199151 ], [ 9.9386735, 57.2200832 ], [ 9.9392325, 57.2203576 ], [ 9.93965, 57.2205095 ], [ 9.9398094, 57.2203685 ], [ 9.9402088, 57.2203233 ], [ 9.9412967, 57.2202057 ], [ 9.9425393, 57.2213566 ], [ 9.9428293, 57.2217167 ], [ 9.9428894, 57.2220066 ], [ 9.9428572, 57.2221222 ], [ 9.9429334, 57.2223733 ], [ 9.9423114, 57.2224489 ], [ 9.9423837, 57.2226886 ], [ 9.9404732, 57.2228668 ] ] ] } },
{ "type": "Feature", "properties": { "gml_id": "restareas.64", "gml_id2": "restareas.fid-2a2e2400_1998da19001_79f9", "SERVICEAREAID": 5241120.0, "SERVICEAREATYPE": "Rasteanlæg", "SERVICEAREANAME": "Vildmosen Vest" }, "geometry": { "type": "Polygon", "coordinates": [ [ [ 9.9371977, 57.2242936 ], [ 9.9369801, 57.224231 ], [ 9.936814, 57.2241181 ], [ 9.9358727, 57.2230951 ], [ 9.9358252, 57.2230081 ], [ 9.9358217, 57.2229022 ], [ 9.9358996, 57.2227415 ], [ 9.935999, 57.222661 ], [ 9.9362151, 57.2225596 ], [ 9.9366798, 57.2223939 ], [ 9.9369126, 57.2222665 ], [ 9.9369149, 57.2222644 ], [ 9.9374476, 57.2221121 ], [ 9.9382661, 57.221828 ], [ 9.9386962, 57.2218048 ], [ 9.9393169, 57.2225056 ], [ 9.9399512, 57.2231873 ], [ 9.941302, 57.2244749 ], [ 9.9411545, 57.2245532 ], [ 9.941019, 57.2244784 ], [ 9.9408424, 57.2243928 ], [ 9.9406621, 57.2243105 ], [ 9.9404888, 57.2242376 ], [ 9.9402946, 57.2241651 ], [ 9.9400537, 57.2240835 ], [ 9.93978, 57.2240019 ], [ 9.9395225, 57.2239387 ], [ 9.9393341, 57.2238959 ], [ 9.9390204, 57.2238388 ], [ 9.9387222, 57.2237964 ], [ 9.9386883, 57.2238559 ], [ 9.9386809, 57.2238714 ], [ 9.9389749, 57.2239214 ], [ 9.9392208, 57.2239657 ], [ 9.9395316, 57.2240349 ], [ 9.9399334, 57.2241429 ], [ 9.9401809, 57.2242266 ], [ 9.9403562, 57.2242906 ], [ 9.9405208, 57.2243581 ], [ 9.9407078, 57.2244422 ], [ 9.9408401, 57.2245069 ], [ 9.9410097, 57.224595 ], [ 9.9409778, 57.2246161 ], [ 9.9410047, 57.2246315 ], [ 9.9408451, 57.2247111 ], [ 9.9404544, 57.224505 ], [ 9.9400053, 57.2243496 ], [ 9.9394755, 57.2241948 ], [ 9.9396215, 57.2246985 ], [ 9.9395568, 57.2247019 ], [ 9.9393726, 57.2248344 ], [ 9.9383535, 57.2249419 ], [ 9.9382097, 57.224942 ], [ 9.9380705, 57.2249098 ], [ 9.9379989, 57.2248523 ], [ 9.9378422, 57.2244789 ], [ 9.9378936, 57.2244319 ], [ 9.9378854, 57.2243864 ], [ 9.9377026, 57.2243639 ], [ 9.9371977, 57.2242936 ] ] ] } },
{ "type": "Feature", "properties": { "gml_id": "restareas.65", "gml_id2": "restareas.fid-2a2e2400_1998da19001_79fa", "SERVICEAREAID": 5228750.0, "SERVICEAREATYPE": "Samkørselsplads", "SERVICEAREANAME": "Kærehave" }, "geometry": { "type": "Polygon", "coordinates": [ [ [ 11.8275736, 55.4533648 ], [ 11.8275386, 55.4535787 ], [ 11.8275564, 55.4535926 ], [ 11.8276797, 55.4536087 ], [ 11.8275237, 55.4541879 ], [ 11.8272209, 55.4541683 ], [ 11.8268403, 55.4541362 ], [ 11.8265026, 55.4540964 ], [ 11.8266089, 55.4536858 ], [ 11.8266535, 55.4535383 ], [ 11.8266348, 55.453534 ], [ 11.8266692, 55.4534057 ], [ 11.8266603, 55.4533288 ], [ 11.8266798, 55.4532504 ], [ 11.8270001, 55.4532846 ], [ 11.8271648, 55.4532905 ], [ 11.8274708, 55.4533091 ], [ 11.8275311, 55.4533325 ], [ 11.8275736, 55.4533648 ] ] ] } },
{ "type": "Feature", "properties": { "gml_id": "restareas.66", "gml_id2": "restareas.fid-2a2e2400_1998da19001_79fb", "SERVICEAREAID": 5234941.0, "SERVICEAREATYPE": "Rasteplads", "SERVICEAREANAME": "Tjæreby" }, "geometry": { "type": "Polygon", "coordinates": [ [ [ 12.2209125, 55.9399518 ], [ 12.2209073, 55.9400272 ], [ 12.22086, 55.9400801 ], [ 12.2206899, 55.9401793 ], [ 12.2203284, 55.9403393 ], [ 12.2200827, 55.9405049 ], [ 12.2198534, 55.9406194 ], [ 12.2197498, 55.9406481 ], [ 12.2197012, 55.9406457 ], [ 12.219542, 55.9405902 ], [ 12.2193751, 55.9404521 ], [ 12.2197646, 55.9402071 ], [ 12.2197155, 55.9401871 ], [ 12.2197893, 55.9401383 ], [ 12.2206458, 55.9396029 ], [ 12.220668, 55.9396164 ], [ 12.2207345, 55.9395731 ], [ 12.2208037, 55.9396166 ], [ 12.2209125, 55.9399518 ] ] ] } },
{ "type": "Feature", "properties": { "gml_id": "restareas.67", "gml_id2": "restareas.fid-2a2e2400_1998da19001_79fc", "SERVICEAREAID": 5238095.0, "SERVICEAREATYPE": "Rasteplads", "SERVICEAREANAME": "Thorup Syd" }, "geometry": { "type": "Polygon", "coordinates": [ [ [ 11.9359809, 55.9605466 ], [ 11.9359277, 55.9606228 ], [ 11.935252, 55.9605346 ], [ 11.9352046, 55.9605676 ], [ 11.935191, 55.9605893 ], [ 11.9352038, 55.9606118 ], [ 11.935277, 55.9606491 ], [ 11.934977, 55.9606052 ], [ 11.9350557, 55.9605816 ], [ 11.9350824, 55.9605538 ], [ 11.9351388, 55.9605176 ], [ 11.9353308, 55.9604165 ], [ 11.9359809, 55.9605466 ] ] ] } },
{ "type": "Feature", "properties": { "gml_id": "restareas.68", "gml_id2": "restareas.fid-2a2e2400_1998da19001_79fd", "SERVICEAREAID": 5247311.0, "SERVICEAREATYPE": "Rasteanlæg", "SERVICEAREANAME": "Karlslunde Øst" }, "geometry": { "type": "Polygon", "coordinates": [ [ [ 12.2321647, 55.5586186 ], [ 12.2322808, 55.5586539 ], [ 12.2325848, 55.5587911 ], [ 12.2327329, 55.5591791 ], [ 12.232757, 55.5598486 ], [ 12.2328608, 55.5605427 ], [ 12.2325535, 55.5606906 ], [ 12.2326904, 55.5608433 ], [ 12.2327074, 55.5610912 ], [ 12.2326279, 55.5613432 ], [ 12.2323738, 55.56155 ], [ 12.2322456, 55.5617133 ], [ 12.2316257, 55.5618519 ], [ 12.2305039, 55.5605381 ], [ 12.2296596, 55.5594773 ], [ 12.2295974, 55.5593742 ], [ 12.2295183, 55.5592674 ], [ 12.2321647, 55.5586186 ] ] ] } },
{ "type": "Feature", "properties": { "gml_id": "restareas.69", "gml_id2": "restareas.fid-2a2e2400_1998da19001_79fe", "SERVICEAREAID": 5233744.0, "SERVICEAREATYPE": "Rasteplads", "SERVICEAREANAME": "Kornerup Syd" }, "geometry": { "type": "Polygon", "coordinates": [ [ [ 11.9826329, 55.6222873 ], [ 11.9823266, 55.622302 ], [ 11.9821256, 55.6223112 ], [ 11.9819398, 55.6223217 ], [ 11.981762, 55.6223318 ], [ 11.9817508, 55.6223502 ], [ 11.9817795, 55.6224426 ], [ 11.9812826, 55.6225408 ], [ 11.9812865, 55.6225468 ], [ 11.9811791, 55.6225722 ], [ 11.9811612, 55.6225693 ], [ 11.9811113, 55.6225359 ], [ 11.9810793, 55.6225209 ], [ 11.9809625, 55.622588 ], [ 11.9807807, 55.6226504 ], [ 11.9804, 55.6227387 ], [ 11.980177, 55.6227922 ], [ 11.9800167, 55.6228284 ], [ 11.9800013, 55.6228141 ], [ 11.9800058, 55.622753 ], [ 11.9798241, 55.622463 ], [ 11.9801556, 55.6223902 ], [ 11.9803956, 55.6223511 ], [ 11.9806213, 55.6223227 ], [ 11.9807349, 55.6223352 ], [ 11.9807777, 55.6223346 ], [ 11.9810742, 55.6222979 ], [ 11.9812475, 55.622278 ], [ 11.9814165, 55.6222668 ], [ 11.9826259, 55.6222159 ], [ 11.9827348, 55.622238 ], [ 11.9826283, 55.6222445 ], [ 11.9826329, 55.6222873 ] ] ] } },
{ "type": "Feature", "properties": { "gml_id": "restareas.70", "gml_id2": "restareas.fid-2a2e2400_1998da19001_79ff", "SERVICEAREAID": 5259742.0, "SERVICEAREATYPE": "Rasteanlæg", "SERVICEAREANAME": "Torkilstrup Syd" }, "geometry": { "type": "Polygon", "coordinates": [ [ [ 11.9009849, 55.6512532 ], [ 11.8990839, 55.6513139 ], [ 11.8989731, 55.6513165 ], [ 11.8988096, 55.651131 ], [ 11.8994009, 55.6509989 ], [ 11.8996163, 55.650976 ], [ 11.9000113, 55.6509669 ], [ 11.900214, 55.6509866 ], [ 11.9005888, 55.6510482 ], [ 11.9010412, 55.651151 ], [ 11.9009849, 55.6512532 ] ] ] } },
{ "type": "Feature", "properties": { "gml_id": "restareas.71", "gml_id2": "restareas.fid-2a2e2400_1998da19001_7a00", "SERVICEAREAID": 5244638.0, "SERVICEAREATYPE": "Rasteanlæg", "SERVICEAREANAME": "Torkilstrup Nord" }, "geometry": { "type": "Polygon", "coordinates": [ [ [ 11.8969715, 55.6516218 ], [ 11.8992412, 55.65163 ], [ 11.8992917, 55.6517913 ], [ 11.8988145, 55.6518811 ], [ 11.8984189, 55.6519352 ], [ 11.8980882, 55.651961 ], [ 11.8978962, 55.6519599 ], [ 11.8972315, 55.6518773 ], [ 11.8968835, 55.6518068 ], [ 11.8969715, 55.6516218 ] ] ] } },
{ "type": "Feature", "properties": { "gml_id": "restareas.72", "gml_id2": "restareas.fid-2a2e2400_1998da19001_7a01", "SERVICEAREAID": 5237480.0, "SERVICEAREATYPE": "Rasteplads", "SERVICEAREANAME": "Arnakke Nord" }, "geometry": { "type": "Polygon", "coordinates": [ [ [ 11.7582532, 55.6672964 ], [ 11.758568, 55.6680472 ], [ 11.7574334, 55.6681082 ], [ 11.757345, 55.6680043 ], [ 11.7577571, 55.6673852 ], [ 11.7577617, 55.6673526 ], [ 11.7582532, 55.6672964 ] ] ] } },
{ "type": "Feature", "properties": { "gml_id": "restareas.73", "gml_id2": "restareas.fid-2a2e2400_1998da19001_7a02", "SERVICEAREAID": 5248348.0, "SERVICEAREATYPE": "Rasteplads", "SERVICEAREANAME": "Arnakke Syd" }, "geometry": { "type": "Polygon", "coordinates": [ [ [ 11.7566846, 55.6681946 ], [ 11.7566332, 55.6682546 ], [ 11.7565342, 55.6683905 ], [ 11.7563149, 55.6686813 ], [ 11.7562936, 55.6687136 ], [ 11.7562936, 55.6687426 ], [ 11.7559972, 55.6687597 ], [ 11.7558856, 55.6682706 ], [ 11.7559055, 55.6681816 ], [ 11.7566118, 55.6681404 ], [ 11.7566846, 55.6681946 ] ] ] } },
{ "type": "Feature", "properties": { "gml_id": "restareas.74", "gml_id2": "restareas.fid-2a2e2400_1998da19001_7a03", "SERVICEAREAID": 5240461.0, "SERVICEAREATYPE": "Rasteplads", "SERVICEAREANAME": "Solvognen" }, "geometry": { "type": "Polygon", "coordinates": [ [ [ 11.5692576, 55.8892489 ], [ 11.5692461, 55.8894156 ], [ 11.5689291, 55.8894598 ], [ 11.5689178, 55.8894488 ], [ 11.5688534, 55.8894353 ], [ 11.5688459, 55.889435 ], [ 11.5688428, 55.8894358 ], [ 11.5688381, 55.8894341 ], [ 11.5688442, 55.8891892 ], [ 11.5688586, 55.8891905 ], [ 11.5688688, 55.8891896 ], [ 11.5689271, 55.889179 ], [ 11.5689974, 55.8891889 ], [ 11.5692576, 55.8892489 ] ] ] } },
{ "type": "Feature", "properties": { "gml_id": "restareas.75", "gml_id2": "restareas.fid-2a2e2400_1998da19001_7a04", "SERVICEAREAID": 5227725.0, "SERVICEAREATYPE": "Rasteplads", "SERVICEAREANAME": "Ebbeløkke Syd" }, "geometry": { "type": "Polygon", "coordinates": [ [ [ 11.4908683, 55.9505006 ], [ 11.4904555, 55.9506642 ], [ 11.4904771, 55.9506438 ], [ 11.4903577, 55.950666 ], [ 11.4899404, 55.9508095 ], [ 11.4895042, 55.9509368 ], [ 11.4886017, 55.9511418 ], [ 11.4885706, 55.9511794 ], [ 11.4882317, 55.9512385 ], [ 11.4880814, 55.9509942 ], [ 11.4888912, 55.9507335 ], [ 11.4906749, 55.9502035 ], [ 11.4908683, 55.9505006 ] ] ] } },
{ "type": "Feature", "properties": { "gml_id": "restareas.76", "gml_id2": "restareas.fid-2a2e2400_1998da19001_7a05", "SERVICEAREAID": 5228626.0, "SERVICEAREATYPE": "Rasteplads", "SERVICEAREANAME": "Ebbeløkke Nord" }, "geometry": { "type": "Polygon", "coordinates": [ [ [ 11.4858358, 55.9516221 ], [ 11.4858598, 55.9514939 ], [ 11.4862381, 55.9514938 ], [ 11.4862217, 55.9515133 ], [ 11.4862748, 55.9515136 ], [ 11.4862886, 55.9515372 ], [ 11.4871253, 55.9515084 ], [ 11.4876543, 55.9514712 ], [ 11.4880204, 55.9514243 ], [ 11.4882009, 55.9513762 ], [ 11.4883065, 55.951325 ], [ 11.4886973, 55.951255 ], [ 11.4888168, 55.95136 ], [ 11.4879973, 55.9516139 ], [ 11.4868209, 55.9519338 ], [ 11.4858295, 55.951643 ], [ 11.4858358, 55.9516221 ] ] ] } },
{ "type": "Feature", "properties": { "gml_id": "restareas.77", "gml_id2": "restareas.fid-2a2e2400_1998da19001_7a06", "SERVICEAREAID": 5236124.0, "SERVICEAREATYPE": "Rasteplads", "SERVICEAREANAME": "Drusbjerg" }, "geometry": { "type": "Polygon", "coordinates": [ [ [ 11.4332077, 55.9611938 ], [ 11.4321651, 55.9612534 ], [ 11.4295302, 55.9616088 ], [ 11.4294846, 55.9609912 ], [ 11.430097, 55.960978 ], [ 11.4300892, 55.9609444 ], [ 11.4304172, 55.9609343 ], [ 11.430373, 55.9609526 ], [ 11.4318892, 55.9609124 ], [ 11.4327891, 55.9608782 ], [ 11.4327725, 55.9608602 ], [ 11.4331059, 55.9608499 ], [ 11.4331101, 55.9608928 ], [ 11.4330315, 55.9608949 ], [ 11.4330375, 55.9610536 ], [ 11.4332077, 55.9611938 ] ] ] } },
{ "type": "Feature", "properties": { "gml_id": "restareas.78", "gml_id2": "restareas.fid-2a2e2400_1998da19001_7a07", "SERVICEAREAID": 5251827.0, "SERVICEAREATYPE": "Rasteplads", "SERVICEAREANAME": "Nybro" }, "geometry": { "type": "Polygon", "coordinates": [ [ [ 11.2675415, 55.5026404 ], [ 11.2675326, 55.502705 ], [ 11.2674041, 55.5028538 ], [ 11.2667787, 55.5031773 ], [ 11.2665016, 55.5030524 ], [ 11.2674566, 55.5024645 ], [ 11.2675415, 55.5026404 ] ] ] } },
{ "type": "Feature", "properties": { "gml_id": "restareas.79", "gml_id2": "restareas.fid-2a2e2400_1998da19001_7a08", "SERVICEAREAID": 5253070.0, "SERVICEAREATYPE": "Rasteplads", "SERVICEAREANAME": "Ågerup" }, "geometry": { "type": "Polygon", "coordinates": [ [ [ 11.198427, 55.5641017 ], [ 11.1982948, 55.5641266 ], [ 11.1983111, 55.5641842 ], [ 11.1983235, 55.564284 ], [ 11.1982301, 55.564283 ], [ 11.1982259, 55.5642598 ], [ 11.1975574, 55.564264 ], [ 11.1975631, 55.564112 ], [ 11.1975454, 55.5634349 ], [ 11.1976838, 55.5634315 ], [ 11.1981467, 55.5638683 ], [ 11.1982385, 55.5639677 ], [ 11.1983211, 55.5640572 ], [ 11.1983564, 55.5640938 ], [ 11.198427, 55.5641017 ] ] ] } },
{ "type": "Feature", "properties": { "gml_id": "restareas.80", "gml_id2": "restareas.fid-2a2e2400_1998da19001_7a09", "SERVICEAREAID": 5250677.0, "SERVICEAREATYPE": "Rasteplads", "SERVICEAREANAME": "Svallerup" }, "geometry": { "type": "Polygon", "coordinates": [ [ [ 11.1808348, 55.6035307 ], [ 11.1806246, 55.6040558 ], [ 11.18041, 55.6046969 ], [ 11.1800131, 55.6057008 ], [ 11.1799258, 55.6059929 ], [ 11.1798728, 55.6060125 ], [ 11.1797414, 55.6060106 ], [ 11.1796161, 55.6059824 ], [ 11.1797726, 55.6057633 ], [ 11.1801955, 55.604827 ], [ 11.1802414, 55.6046498 ], [ 11.1802769, 55.6041711 ], [ 11.1803323, 55.603954 ], [ 11.1804431, 55.6037996 ], [ 11.1807094, 55.603533 ], [ 11.1808348, 55.6035307 ] ] ] } },
{ "type": "Feature", "properties": { "gml_id": "restareas.81", "gml_id2": "restareas.fid-2a2e2400_1998da19001_7a0a", "SERVICEAREAID": 5248306.0, "SERVICEAREATYPE": "Rasteplads", "SERVICEAREANAME": "Risø" }, "geometry": { "type": "Polygon", "coordinates": [ [ [ 12.1116384, 55.7015651 ], [ 12.1115278, 55.7015776 ], [ 12.1109766, 55.7012323 ], [ 12.1091082, 55.6999637 ], [ 12.1088701, 55.6997382 ], [ 12.1086908, 55.6994057 ], [ 12.108484, 55.6992138 ], [ 12.1087601, 55.699112 ], [ 12.1103045, 55.700447 ], [ 12.1116384, 55.7015651 ] ] ] } },
{ "type": "Feature", "properties": { "gml_id": "restareas.82", "gml_id2": "restareas.fid-2a2e2400_1998da19001_7a0b", "SERVICEAREAID": 5244159.0, "SERVICEAREATYPE": "Rasteplads", "SERVICEAREANAME": "Jørlunden" }, "geometry": { "type": "Polygon", "coordinates": [ [ [ 12.1648403, 55.8320546 ], [ 12.1644225, 55.832105 ], [ 12.1641974, 55.8317483 ], [ 12.1641394, 55.831616 ], [ 12.1640988, 55.8314249 ], [ 12.1638929, 55.8310056 ], [ 12.163895, 55.8309827 ], [ 12.1639851, 55.8309154 ], [ 12.1643985, 55.8308967 ], [ 12.1643881, 55.830949 ], [ 12.1644223, 55.8310535 ], [ 12.1645737, 55.8314193 ], [ 12.1645512, 55.8314106 ], [ 12.1645859, 55.8314926 ], [ 12.1646078, 55.8314786 ], [ 12.1648403, 55.8320546 ] ] ] } },
{ "type": "Feature", "properties": { "gml_id": "restareas.83", "gml_id2": "restareas.fid-2a2e2400_1998da19001_7a0c", "SERVICEAREAID": 5242564.0, "SERVICEAREATYPE": "Rasteplads", "SERVICEAREANAME": "Bakkehuset" }, "geometry": { "type": "Polygon", "coordinates": [ [ [ 12.3686593, 55.9627814 ], [ 12.3686397, 55.9628053 ], [ 12.3686006, 55.9627965 ], [ 12.3685812, 55.9628225 ], [ 12.3686185, 55.962831 ], [ 12.3685234, 55.9629503 ], [ 12.3665042, 55.9625284 ], [ 12.3663162, 55.9624669 ], [ 12.3664094, 55.9622314 ], [ 12.3668593, 55.962318 ], [ 12.3672584, 55.962413 ], [ 12.3672487, 55.9624278 ], [ 12.3679019, 55.9625922 ], [ 12.3679129, 55.9625713 ], [ 12.368138, 55.9626036 ], [ 12.3686593, 55.9627814 ] ] ] } },
{ "type": "Feature", "properties": { "gml_id": "restareas.84", "gml_id2": "restareas.fid-2a2e2400_1998da19001_7a0d", "SERVICEAREAID": 5253790.0, "SERVICEAREATYPE": "Rasteplads", "SERVICEAREANAME": "Danstrup S" }, "geometry": { "type": "Polygon", "coordinates": [ [ [ 12.4638849, 55.9929336 ], [ 12.4638469, 55.9929922 ], [ 12.4638074, 55.9930008 ], [ 12.4635513, 55.9929824 ], [ 12.4623722, 55.9927388 ], [ 12.4623772, 55.9927043 ], [ 12.4624184, 55.9926427 ], [ 12.4625463, 55.9926279 ], [ 12.4627695, 55.9926395 ], [ 12.4634259, 55.9926805 ], [ 12.4635968, 55.9927594 ], [ 12.4636704, 55.9928601 ], [ 12.4638849, 55.9929336 ] ] ] } },
{ "type": "Feature", "properties": { "gml_id": "restareas.176", "gml_id2": "restareas.fid-2a2e2400_1998da19001_7a69", "SERVICEAREAID": 5243094.0, "SERVICEAREATYPE": "Rasteplads", "SERVICEAREANAME": "Løvenholm" }, "geometry": { "type": "Polygon", "coordinates": [ [ [ 10.405501, 56.4258716 ], [ 10.4051571, 56.42631 ], [ 10.4049727, 56.4264835 ], [ 10.4047079, 56.4268154 ], [ 10.403898, 56.4265369 ], [ 10.4031535, 56.4262401 ], [ 10.4031085, 56.4262068 ], [ 10.4033994, 56.4261607 ], [ 10.4044698, 56.4259908 ], [ 10.4049599, 56.4259248 ], [ 10.4052983, 56.4258882 ], [ 10.405501, 56.4258716 ] ] ] } },
{ "type": "Feature", "properties": { "gml_id": "restareas.85", "gml_id2": "restareas.fid-2a2e2400_1998da19001_7a0e", "SERVICEAREAID": 5232970.0, "SERVICEAREATYPE": "Rasteplads", "SERVICEAREANAME": "Danstrup Hegn" }, "geometry": { "type": "Polygon", "coordinates": [ [ [ 12.4706455, 55.9946213 ], [ 12.4706239, 55.9946461 ], [ 12.4706224, 55.994667 ], [ 12.4706467, 55.9947101 ], [ 12.4706615, 55.994743 ], [ 12.4706539, 55.9948098 ], [ 12.4705811, 55.9947548 ], [ 12.4704647, 55.9947187 ], [ 12.4702198, 55.9949245 ], [ 12.4701889, 55.9949773 ], [ 12.4700297, 55.9949985 ], [ 12.4699337, 55.9949443 ], [ 12.4698554, 55.994834 ], [ 12.469686, 55.9946693 ], [ 12.469702, 55.994613 ], [ 12.4696081, 55.994554 ], [ 12.4696033, 55.9945136 ], [ 12.469658, 55.9944777 ], [ 12.4697792, 55.9945082 ], [ 12.4698021, 55.9944594 ], [ 12.4706455, 55.9946213 ] ] ] } },
{ "type": "Feature", "properties": { "gml_id": "restareas.86", "gml_id2": "restareas.fid-2a2e2400_1998da19001_7a0f", "SERVICEAREAID": 5232416.0, "SERVICEAREATYPE": "Rasteplads", "SERVICEAREANAME": "Lysstrup Vest" }, "geometry": { "type": "Polygon", "coordinates": [ [ [ 12.1844805, 55.8686241 ], [ 12.1844591, 55.8686796 ], [ 12.1843918, 55.8687321 ], [ 12.1839609, 55.8688141 ], [ 12.1839429, 55.8687659 ], [ 12.1833821, 55.8685304 ], [ 12.1833417, 55.8684877 ], [ 12.1833373, 55.8684354 ], [ 12.1834466, 55.8683176 ], [ 12.1834421, 55.8682546 ], [ 12.1834989, 55.8682118 ], [ 12.1835435, 55.8682485 ], [ 12.1835649, 55.8682316 ], [ 12.1838479, 55.8683729 ], [ 12.1844574, 55.8685828 ], [ 12.1844805, 55.8686241 ] ] ] } },
{ "type": "Feature", "properties": { "gml_id": "restareas.87", "gml_id2": "restareas.fid-2a2e2400_1998da19001_7a10", "SERVICEAREAID": 5252768.0, "SERVICEAREATYPE": "Samkørselsplads", "SERVICEAREANAME": "Lystrup Øst" }, "geometry": { "type": "Polygon", "coordinates": [ [ [ 12.1794274, 55.8662036 ], [ 12.1793471, 55.8662305 ], [ 12.1792329, 55.8661777 ], [ 12.1792391, 55.8661432 ], [ 12.1784365, 55.8657699 ], [ 12.1783417, 55.8657533 ], [ 12.1783261, 55.865704 ], [ 12.1783657, 55.865634 ], [ 12.1786403, 55.8654481 ], [ 12.1787904, 55.8655668 ], [ 12.1791899, 55.8657531 ], [ 12.179263, 55.8658106 ], [ 12.1793618, 55.8661179 ], [ 12.1794274, 55.8662036 ] ] ] } },
{ "type": "Feature", "properties": { "gml_id": "restareas.88", "gml_id2": "restareas.fid-2a2e2400_1998da19001_7a11", "SERVICEAREAID": 5227660.0, "SERVICEAREATYPE": "Samkørselsplads", "SERVICEAREANAME": "Græse" }, "geometry": { "type": "Polygon", "coordinates": [ [ [ 12.0939333, 55.8453717 ], [ 12.0939479, 55.845449 ], [ 12.0936733, 55.8458465 ], [ 12.093416, 55.846311 ], [ 12.0932585, 55.8462746 ], [ 12.0931419, 55.846216 ], [ 12.0930641, 55.8461429 ], [ 12.093039, 55.8460563 ], [ 12.0931672, 55.8457996 ], [ 12.0930419, 55.8457718 ], [ 12.0933978, 55.8451666 ], [ 12.0936538, 55.8452017 ], [ 12.0938171, 55.8452598 ], [ 12.0938664, 55.8452982 ], [ 12.0939333, 55.8453717 ] ] ] } },
{ "type": "Feature", "properties": { "gml_id": "restareas.89", "gml_id2": "restareas.fid-2a2e2400_1998da19001_7a12", "SERVICEAREAID": 5244275.0, "SERVICEAREATYPE": "Holdeplads", "SERVICEAREANAME": "Thisted Nord" }, "geometry": { "type": "Polygon", "coordinates": [ [ [ 8.7598561, 56.9800964 ], [ 8.7598177, 56.980111 ], [ 8.759855, 56.9801377 ], [ 8.7597713, 56.9801575 ], [ 8.7597128, 56.9801783 ], [ 8.7597135, 56.9802026 ], [ 8.7597326, 56.980214 ], [ 8.7597125, 56.9802297 ], [ 8.7595165, 56.9801138 ], [ 8.7596027, 56.9801097 ], [ 8.7595454, 56.9800758 ], [ 8.7593616, 56.9799585 ], [ 8.7591267, 56.9797993 ], [ 8.7587281, 56.9795119 ], [ 8.7583617, 56.9792355 ], [ 8.7583434, 56.9792383 ], [ 8.758332, 56.9792535 ], [ 8.7583205, 56.9792739 ], [ 8.758137, 56.9791236 ], [ 8.7582118, 56.9791197 ], [ 8.7581764, 56.9790845 ], [ 8.7582121, 56.979075 ], [ 8.7582936, 56.9791294 ], [ 8.7583371, 56.9791347 ], [ 8.7583929, 56.9791243 ], [ 8.758418, 56.9791467 ], [ 8.7585253, 56.979107 ], [ 8.7591968, 56.9796046 ], [ 8.7598561, 56.9800964 ] ] ] } },
{ "type": "Feature", "properties": { "gml_id": "restareas.90", "gml_id2": "restareas.fid-2a2e2400_1998da19001_7a13", "SERVICEAREAID": 5239831.0, "SERVICEAREATYPE": "Rasteplads", "SERVICEAREANAME": "Bygholm Vejle Vest" }, "geometry": { "type": "Polygon", "coordinates": [ [ [ 9.1041926, 57.0335711 ], [ 9.1040946, 57.033686 ], [ 9.1035603, 57.0335454 ], [ 9.1034174, 57.0335158 ], [ 9.1032046, 57.0335017 ], [ 9.1018458, 57.0331717 ], [ 9.1017419, 57.0331845 ], [ 9.1016554, 57.033153 ], [ 9.1015438, 57.0331365 ], [ 9.1015342, 57.0331215 ], [ 9.1014659, 57.0331199 ], [ 9.1013827, 57.0330975 ], [ 9.1013007, 57.033009 ], [ 9.101281, 57.033028 ], [ 9.1005365, 57.0328427 ], [ 9.1005205, 57.0327992 ], [ 9.1000667, 57.0326896 ], [ 9.1001465, 57.0325789 ], [ 9.1005036, 57.0326722 ], [ 9.1004104, 57.0326049 ], [ 9.103429, 57.0333539 ], [ 9.103429, 57.0333423 ], [ 9.1038715, 57.033451 ], [ 9.103659, 57.0334509 ], [ 9.1041926, 57.0335711 ] ] ] } },
{ "type": "Feature", "properties": { "gml_id": "restareas.91", "gml_id2": "restareas.fid-2a2e2400_1998da19001_7a14", "SERVICEAREAID": 5238683.0, "SERVICEAREATYPE": "Rasteplads", "SERVICEAREANAME": "Julianehøj" }, "geometry": { "type": "Polygon", "coordinates": [ [ [ 11.968561, 55.7814528 ], [ 11.9684745, 55.7814932 ], [ 11.9681406, 55.7813899 ], [ 11.9680535, 55.7813613 ], [ 11.9679665, 55.7813045 ], [ 11.967881, 55.7812247 ], [ 11.9676212, 55.7809599 ], [ 11.9675644, 55.7808575 ], [ 11.9674968, 55.7806668 ], [ 11.9675819, 55.7806381 ], [ 11.9682369, 55.7812199 ], [ 11.9682922, 55.7812991 ], [ 11.9684717, 55.7813779 ], [ 11.968561, 55.7814528 ] ] ] } },
{ "type": "Feature", "properties": { "gml_id": "restareas.92", "gml_id2": "restareas.fid-2a2e2400_1998da19001_7a15", "SERVICEAREAID": 5256906.0, "SERVICEAREATYPE": "Samkørselsplads", "SERVICEAREANAME": "Bakkebølle" }, "geometry": { "type": "Polygon", "coordinates": [ [ [ 11.9969385, 54.9996936 ], [ 11.9952512, 55.0000589 ], [ 11.995144, 54.9999032 ], [ 11.995071, 54.9998821 ], [ 11.9950605, 54.9998299 ], [ 11.9950219, 54.9998404 ], [ 11.9949364, 54.9997752 ], [ 11.9968406, 54.9993979 ], [ 11.9968796, 54.9994668 ], [ 11.9969385, 54.9996936 ] ] ] } },
{ "type": "Feature", "properties": { "gml_id": "restareas.93", "gml_id2": "restareas.fid-2a2e2400_1998da19001_7a16", "SERVICEAREAID": 5249543.0, "SERVICEAREATYPE": "Rasteplads", "SERVICEAREANAME": "Hellestrup" }, "geometry": { "type": "Polygon", "coordinates": [ [ [ 11.6920849, 55.6775197 ], [ 11.692079, 55.6776516 ], [ 11.6918959, 55.6781809 ], [ 11.6917683, 55.6788192 ], [ 11.6917674, 55.678941 ], [ 11.6916539, 55.678943 ], [ 11.6916201, 55.6789404 ], [ 11.6915851, 55.6789242 ], [ 11.6916012, 55.6775449 ], [ 11.6915598, 55.6769645 ], [ 11.6914865, 55.6765071 ], [ 11.6916354, 55.6764448 ], [ 11.6916662, 55.6764066 ], [ 11.6917063, 55.6765838 ], [ 11.692032, 55.677342 ], [ 11.6920849, 55.6775197 ] ] ] } },
{ "type": "Feature", "properties": { "gml_id": "restareas.94", "gml_id2": "restareas.fid-2a2e2400_1998da19001_7a17", "SERVICEAREAID": 5260486.0, "SERVICEAREATYPE": "Samkørselsplads", "SERVICEAREANAME": "Samkørselsplads Sorø" }, "geometry": { "type": "Polygon", "coordinates": [ [ [ 11.5674883, 55.4637006 ], [ 11.5674784, 55.4640035 ], [ 11.5675449, 55.46401 ], [ 11.5675383, 55.4640762 ], [ 11.5674707, 55.4640723 ], [ 11.5674651, 55.4642473 ], [ 11.5673993, 55.4642886 ], [ 11.5670938, 55.4643324 ], [ 11.5669804, 55.4643076 ], [ 11.5667161, 55.4637769 ], [ 11.5667212, 55.4637461 ], [ 11.5667535, 55.4637122 ], [ 11.5673938, 55.4635943 ], [ 11.5674855, 55.4636272 ], [ 11.5674883, 55.4637006 ] ] ] } },
{ "type": "Feature", "properties": { "gml_id": "restareas.95", "gml_id2": "restareas.fid-2a2e2400_1998da19001_7a18", "SERVICEAREAID": 5233097.0, "SERVICEAREATYPE": "Rasteplads", "SERVICEAREANAME": "Isterød Vest" }, "geometry": { "type": "Polygon", "coordinates": [ [ [ 12.4839312, 55.866084 ], [ 12.48424, 55.8656577 ], [ 12.4844274, 55.865425 ], [ 12.4846283, 55.8652323 ], [ 12.484741, 55.8651399 ], [ 12.4852458, 55.8647272 ], [ 12.4854599, 55.8648056 ], [ 12.4853683, 55.8648786 ], [ 12.4851845, 55.8650175 ], [ 12.4849425, 55.865194 ], [ 12.4851797, 55.8652659 ], [ 12.4847406, 55.8657424 ], [ 12.4844266, 55.8661537 ], [ 12.4839312, 55.866084 ] ] ] } },
{ "type": "Feature", "properties": { "gml_id": "restareas.96", "gml_id2": "restareas.fid-2a2e2400_1998da19001_7a19", "SERVICEAREAID": 5227098.0, "SERVICEAREATYPE": "Rasteplads", "SERVICEAREANAME": "Isterød Øst" }, "geometry": { "type": "Polygon", "coordinates": [ [ [ 12.4856328, 55.8651908 ], [ 12.4857305, 55.8650868 ], [ 12.48626, 55.8645751 ], [ 12.4865033, 55.8643566 ], [ 12.486781, 55.8644215 ], [ 12.4867514, 55.8644507 ], [ 12.4866582, 55.864638 ], [ 12.4866794, 55.8646488 ], [ 12.486631, 55.8648107 ], [ 12.4865977, 55.8648627 ], [ 12.4865275, 55.8649167 ], [ 12.486318, 55.8649769 ], [ 12.4862388, 55.8650756 ], [ 12.486201, 55.8651211 ], [ 12.4859427, 55.8652909 ], [ 12.4856328, 55.8651908 ] ] ] } },
{ "type": "Feature", "properties": { "gml_id": "restareas.97", "gml_id2": "restareas.fid-2a2e2400_1998da19001_7a1a", "SERVICEAREAID": 5259908.0, "SERVICEAREATYPE": "Rasteplads", "SERVICEAREANAME": "Lærkereden" }, "geometry": { "type": "Polygon", "coordinates": [ [ [ 12.533015, 55.7994911 ], [ 12.5331245, 55.8003594 ], [ 12.5331252, 55.8004003 ], [ 12.532918, 55.8004082 ], [ 12.5329078, 55.8003842 ], [ 12.5328099, 55.8002802 ], [ 12.5327362, 55.8003479 ], [ 12.5326573, 55.8003804 ], [ 12.5325617, 55.8004013 ], [ 12.5323458, 55.8004108 ], [ 12.5319161, 55.7999165 ], [ 12.5325226, 55.7995212 ], [ 12.532585, 55.7994828 ], [ 12.5326739, 55.7992623 ], [ 12.5328593, 55.799267 ], [ 12.5328221, 55.7994336 ], [ 12.5327978, 55.7995014 ], [ 12.533015, 55.7994911 ] ] ] } },
{ "type": "Feature", "properties": { "gml_id": "restareas.98", "gml_id2": "restareas.fid-2a2e2400_1998da19001_7a1b", "SERVICEAREAID": 5227516.0, "SERVICEAREATYPE": "Rasteplads", "SERVICEAREANAME": "Stenskoven" }, "geometry": { "type": "Polygon", "coordinates": [ [ [ 11.7595476, 55.2751102 ], [ 11.7595127, 55.2751283 ], [ 11.7592731, 55.2750795 ], [ 11.7588631, 55.2749832 ], [ 11.7588021, 55.2749549 ], [ 11.7588261, 55.2744289 ], [ 11.7592636, 55.2744217 ], [ 11.7593793, 55.2745207 ], [ 11.7594909, 55.274746 ], [ 11.7595476, 55.2751102 ] ] ] } },
{ "type": "Feature", "properties": { "gml_id": "restareas.99", "gml_id2": "restareas.fid-2a2e2400_1998da19001_7a1c", "SERVICEAREAID": 5252380.0, "SERVICEAREATYPE": "Rasteanlæg", "SERVICEAREANAME": "Lundbykiosken" }, "geometry": { "type": "Polygon", "coordinates": [ [ [ 10.6080427, 55.0000962 ], [ 10.6079881, 55.0002399 ], [ 10.6079466, 55.0002319 ], [ 10.6078881, 55.0003793 ], [ 10.6078536, 55.0003747 ], [ 10.6078602, 54.9997136 ], [ 10.6078945, 54.9995771 ], [ 10.6080932, 54.9993975 ], [ 10.6081069, 54.9993877 ], [ 10.6081438, 54.9994038 ], [ 10.6082395, 54.9993222 ], [ 10.6087765, 54.998928 ], [ 10.6088025, 54.9989365 ], [ 10.6086504, 54.9991005 ], [ 10.6086733, 54.999109 ], [ 10.6083679, 54.9995015 ], [ 10.6083351, 54.9994946 ], [ 10.6082499, 54.9996218 ], [ 10.608112, 54.99986 ], [ 10.6081455, 54.9998779 ], [ 10.6080427, 55.0000962 ] ] ] } },
{ "type": "Feature", "properties": { "gml_id": "restareas.100", "gml_id2": "restareas.fid-2a2e2400_1998da19001_7a1d", "SERVICEAREAID": 5243667.0, "SERVICEAREATYPE": "Rasteplads", "SERVICEAREANAME": "Siø Dæmning" }, "geometry": { "type": "Polygon", "coordinates": [ [ [ 10.6493267, 54.9688826 ], [ 10.6492837, 54.9689339 ], [ 10.6489399, 54.9691129 ], [ 10.6489672, 54.9691297 ], [ 10.6486415, 54.9692992 ], [ 10.6478442, 54.9687758 ], [ 10.6489087, 54.9685767 ], [ 10.6491005, 54.9686926 ], [ 10.6493267, 54.9688826 ] ] ] } },
{ "type": "Feature", "properties": { "gml_id": "restareas.101", "gml_id2": "restareas.fid-2a2e2400_1998da19001_7a1e", "SERVICEAREAID": 5250386.0, "SERVICEAREATYPE": "Rasteplads", "SERVICEAREANAME": "Salby" }, "geometry": { "type": "Polygon", "coordinates": [ [ [ 12.0954045, 55.4778353 ], [ 12.0951598, 55.4777805 ], [ 12.0939546, 55.4775191 ], [ 12.093946, 55.4773271 ], [ 12.0940215, 55.4773117 ], [ 12.0942127, 55.4772998 ], [ 12.0942965, 55.4773149 ], [ 12.0944582, 55.4773341 ], [ 12.0945906, 55.4773499 ], [ 12.0947682, 55.4773436 ], [ 12.0948399, 55.4773368 ], [ 12.0948985, 55.4772942 ], [ 12.0949771, 55.4772839 ], [ 12.095079, 55.4772594 ], [ 12.095214, 55.4772284 ], [ 12.0952742, 55.4772279 ], [ 12.0953886, 55.4772554 ], [ 12.0954883, 55.4772892 ], [ 12.0955186, 55.4773111 ], [ 12.0955212, 55.4773444 ], [ 12.095536, 55.4774686 ], [ 12.0955994, 55.4775288 ], [ 12.0956212, 55.477611 ], [ 12.095629, 55.4776672 ], [ 12.0956619, 55.4776692 ], [ 12.0956342, 55.4777046 ], [ 12.0954045, 55.4778353 ] ] ] } },
{ "type": "Feature", "properties": { "gml_id": "restareas.102", "gml_id2": "restareas.fid-2a2e2400_1998da19001_7a1f", "SERVICEAREAID": 5236656.0, "SERVICEAREATYPE": "Rasteplads", "SERVICEAREANAME": "Kongsted Syd" }, "geometry": { "type": "Polygon", "coordinates": [ [ [ 11.9302038, 55.4566353 ], [ 11.9334624, 55.4568532 ], [ 11.9338044, 55.4568753 ], [ 11.9337411, 55.4571508 ], [ 11.9339771, 55.4572622 ], [ 11.9339369, 55.4573288 ], [ 11.9333953, 55.4572286 ], [ 11.9333502, 55.4572995 ], [ 11.9305007, 55.457041 ], [ 11.9304976, 55.4570505 ], [ 11.9303187, 55.4570322 ], [ 11.930311, 55.4569409 ], [ 11.9299145, 55.4569447 ], [ 11.9302038, 55.4566353 ] ] ] } },
{ "type": "Feature", "properties": { "gml_id": "restareas.103", "gml_id2": "restareas.fid-2a2e2400_1998da19001_7a20", "SERVICEAREAID": 5245873.0, "SERVICEAREATYPE": "Rasteplads", "SERVICEAREANAME": "Kværkeby Syd" }, "geometry": { "type": "Polygon", "coordinates": [ [ [ 11.854381, 55.452734 ], [ 11.8558204, 55.4526155 ], [ 11.8561662, 55.4525872 ], [ 11.8564006, 55.4525678 ], [ 11.8567322, 55.4527226 ], [ 11.8570155, 55.4528549 ], [ 11.8570911, 55.4528544 ], [ 11.8571102, 55.4529227 ], [ 11.8568612, 55.4529295 ], [ 11.8566991, 55.4529323 ], [ 11.8565304, 55.4529144 ], [ 11.8565065, 55.452994 ], [ 11.8557368, 55.4530579 ], [ 11.8540919, 55.4532234 ], [ 11.8540488, 55.4531642 ], [ 11.85402, 55.4531269 ], [ 11.8540097, 55.4530659 ], [ 11.8540242, 55.452934 ], [ 11.8540428, 55.4527618 ], [ 11.854381, 55.452734 ] ] ] } },
{ "type": "Feature", "properties": { "gml_id": "restareas.104", "gml_id2": "restareas.fid-2a2e2400_1998da19001_7a21", "SERVICEAREAID": 5257734.0, "SERVICEAREATYPE": "Rasteanlæg", "SERVICEAREANAME": "Tuelsø Nord" }, "geometry": { "type": "Polygon", "coordinates": [ [ [ 11.6101127, 55.4548702 ], [ 11.60985, 55.4551343 ], [ 11.6091529, 55.4552502 ], [ 11.6091226, 55.4551787 ], [ 11.6090642, 55.4551612 ], [ 11.6093315, 55.4548806 ], [ 11.6093555, 55.4547943 ], [ 11.6093767, 55.4547486 ], [ 11.6095833, 55.4545394 ], [ 11.6096776, 55.4544464 ], [ 11.6096865, 55.4544395 ], [ 11.6097007, 55.45443 ], [ 11.6097149, 55.4544224 ], [ 11.6097253, 55.4544167 ], [ 11.6097349, 55.4544117 ], [ 11.6097489, 55.4544051 ], [ 11.6097622, 55.4543995 ], [ 11.6097762, 55.4543935 ], [ 11.6097906, 55.4543874 ], [ 11.6098019, 55.454383 ], [ 11.6098177, 55.4543774 ], [ 11.609835, 55.4543723 ], [ 11.6098518, 55.4543677 ], [ 11.6098604, 55.4543655 ], [ 11.6098795, 55.4543609 ], [ 11.6098879, 55.4543591 ], [ 11.6099013, 55.4543811 ], [ 11.6105227, 55.4542388 ], [ 11.6106263, 55.4543493 ], [ 11.6101127, 55.4548702 ] ] ] } },
{ "type": "Feature", "properties": { "gml_id": "restareas.105", "gml_id2": "restareas.fid-2a2e2400_1998da19001_7a22", "SERVICEAREAID": 5257734.0, "SERVICEAREATYPE": "Rasteanlæg", "SERVICEAREANAME": "Tuelsø Nord" }, "geometry": { "type": "Polygon", "coordinates": [ [ [ 11.6098442, 55.4543001 ], [ 11.6097684, 55.4543158 ], [ 11.6092288, 55.4544188 ], [ 11.6086136, 55.4545273 ], [ 11.6085235, 55.4545512 ], [ 11.6084392, 55.454589 ], [ 11.6083495, 55.4546565 ], [ 11.6080491, 55.4549585 ], [ 11.6080283, 55.454975 ], [ 11.6080004, 55.4549939 ], [ 11.6079783, 55.4550059 ], [ 11.6079522, 55.455018 ], [ 11.607449, 55.4555238 ], [ 11.6059541, 55.4557632 ], [ 11.6058907, 55.4557588 ], [ 11.6051865, 55.4556252 ], [ 11.6049171, 55.4549989 ], [ 11.6072823, 55.4546528 ], [ 11.6090713, 55.4543487 ], [ 11.6097844, 55.4542149 ], [ 11.6103892, 55.454097 ], [ 11.6104344, 55.4541441 ], [ 11.6098645, 55.4542709 ], [ 11.6098223, 55.4542785 ], [ 11.6098442, 55.4543001 ] ] ] } },
{ "type": "Feature", "properties": { "gml_id": "restareas.106", "gml_id2": "restareas.fid-2a2e2400_1998da19001_7a23", "SERVICEAREAID": 5231640.0, "SERVICEAREATYPE": "Rasteanlæg", "SERVICEAREANAME": "Tuelsø Syd" }, "geometry": { "type": "Polygon", "coordinates": [ [ [ 11.5930103, 55.4565436 ], [ 11.5933773, 55.4564354 ], [ 11.5934208, 55.4564226 ], [ 11.5937342, 55.4563113 ], [ 11.5938697, 55.4561709 ], [ 11.5935129, 55.4555795 ], [ 11.5943316, 55.4554357 ], [ 11.5982666, 55.454749 ], [ 11.5985528, 55.4553314 ], [ 11.5987065, 55.4553599 ], [ 11.5987614, 55.4553668 ], [ 11.5988322, 55.4553704 ], [ 11.5988368, 55.4553919 ], [ 11.5986233, 55.4554169 ], [ 11.5985915, 55.4554102 ], [ 11.5986032, 55.4554367 ], [ 11.5986695, 55.4555689 ], [ 11.5986561, 55.4555706 ], [ 11.596926, 55.4558593 ], [ 11.5948436, 55.4562691 ], [ 11.5938088, 55.4565321 ], [ 11.5936994, 55.4563815 ], [ 11.5934307, 55.456459 ], [ 11.5932041, 55.4565256 ], [ 11.5930408, 55.4565757 ], [ 11.5930103, 55.4565436 ] ] ] } },
{ "type": "Feature", "properties": { "gml_id": "restareas.107", "gml_id2": "restareas.fid-2a2e2400_1998da19001_7a24", "SERVICEAREAID": 5226159.0, "SERVICEAREATYPE": "Rasteplads", "SERVICEAREANAME": "Antvorskov Syd" }, "geometry": { "type": "Polygon", "coordinates": [ [ [ 11.3804998, 55.3993632 ], [ 11.3798792, 55.3991487 ], [ 11.3789351, 55.3988043 ], [ 11.3789748, 55.3987349 ], [ 11.3790442, 55.3986952 ], [ 11.3796655, 55.3985517 ], [ 11.3802106, 55.3984459 ], [ 11.380639, 55.3984146 ], [ 11.3816666, 55.3988826 ], [ 11.3814867, 55.3989469 ], [ 11.3813177, 55.3990186 ], [ 11.3811533, 55.3990991 ], [ 11.3810006, 55.3991844 ], [ 11.3807176, 55.3993579 ], [ 11.3806498, 55.3993145 ], [ 11.3804998, 55.3993632 ] ] ] } },
{ "type": "Feature", "properties": { "gml_id": "restareas.108", "gml_id2": "restareas.fid-2a2e2400_1998da19001_7a25", "SERVICEAREAID": 5231423.0, "SERVICEAREATYPE": "Rasteplads", "SERVICEAREANAME": "Antvorskov Nord" }, "geometry": { "type": "Polygon", "coordinates": [ [ [ 11.3781603, 55.3988584 ], [ 11.3786862, 55.3990732 ], [ 11.3793596, 55.3993107 ], [ 11.3799802, 55.399534 ], [ 11.3799093, 55.3996048 ], [ 11.3802011, 55.3996762 ], [ 11.3797997, 55.3999232 ], [ 11.3792756, 55.4002218 ], [ 11.3791736, 55.4002789 ], [ 11.3775666, 55.3995282 ], [ 11.3772839, 55.399454 ], [ 11.3770496, 55.3994184 ], [ 11.3775475, 55.3992246 ], [ 11.3779884, 55.3990286 ], [ 11.3780108, 55.3989847 ], [ 11.3780873, 55.3989221 ], [ 11.3781603, 55.3988584 ] ] ] } },
{ "type": "Feature", "properties": { "gml_id": "restareas.109", "gml_id2": "restareas.fid-2a2e2400_1998da19001_7a26", "SERVICEAREAID": 5258324.0, "SERVICEAREATYPE": "Rasteanlæg", "SERVICEAREANAME": "Piberhus Vest" }, "geometry": { "type": "Polygon", "coordinates": [ [ [ 12.0364709, 55.3267583 ], [ 12.0359883, 55.3268677 ], [ 12.0358476, 55.3266787 ], [ 12.0347375, 55.3264315 ], [ 12.0342419, 55.3257345 ], [ 12.0347237, 55.325577 ], [ 12.0343569, 55.3250623 ], [ 12.0341869, 55.3247861 ], [ 12.0329583, 55.3237578 ], [ 12.0325585, 55.3234464 ], [ 12.0331225, 55.3232451 ], [ 12.0336558, 55.3231031 ], [ 12.0338287, 55.323073 ], [ 12.0338907, 55.3231643 ], [ 12.0340046, 55.3233301 ], [ 12.0341046, 55.3234731 ], [ 12.0343116, 55.3237606 ], [ 12.0346305, 55.3241936 ], [ 12.0347623, 55.3243719 ], [ 12.0348219, 55.3244536 ], [ 12.0349272, 55.3246022 ], [ 12.0350061, 55.3247449 ], [ 12.0351978, 55.3247121 ], [ 12.0362073, 55.3261064 ], [ 12.0365686, 55.3266421 ], [ 12.03655, 55.3266227 ], [ 12.0363691, 55.3264655 ], [ 12.0363323, 55.3264416 ], [ 12.0362796, 55.3264235 ], [ 12.0362105, 55.3264019 ], [ 12.03607, 55.3263736 ], [ 12.036004, 55.3263534 ], [ 12.0359605, 55.3263372 ], [ 12.0359013, 55.3264352 ], [ 12.0359619, 55.326449 ], [ 12.0360435, 55.3264726 ], [ 12.0361279, 55.3265026 ], [ 12.0361975, 55.3265346 ], [ 12.0362527, 55.326569 ], [ 12.0362983, 55.3266013 ], [ 12.0363946, 55.3266806 ], [ 12.0364709, 55.3267583 ] ] ] } },
{ "type": "Feature", "properties": { "gml_id": "restareas.110", "gml_id2": "restareas.fid-2a2e2400_1998da19001_7a27", "SERVICEAREAID": 5245471.0, "SERVICEAREATYPE": "Rasteanlæg", "SERVICEAREANAME": "Piberhus Øst" }, "geometry": { "type": "Polygon", "coordinates": [ [ [ 12.0314817, 55.3142597 ], [ 12.0308809, 55.3143464 ], [ 12.0308436, 55.3141303 ], [ 12.030795, 55.313876 ], [ 12.0307597, 55.3136862 ], [ 12.0307148, 55.3133596 ], [ 12.0305267, 55.3133661 ], [ 12.0304746, 55.31296 ], [ 12.0300636, 55.3109262 ], [ 12.0303401, 55.310878 ], [ 12.030206, 55.3106834 ], [ 12.0301372, 55.3105576 ], [ 12.0300627, 55.3104162 ], [ 12.0303789, 55.3103913 ], [ 12.0303982, 55.310426 ], [ 12.0308833, 55.3110744 ], [ 12.0314817, 55.3142597 ] ] ] } },
{ "type": "Feature", "properties": { "gml_id": "restareas.111", "gml_id2": "restareas.fid-2a2e2400_1998da19001_7a28", "SERVICEAREAID": 5243358.0, "SERVICEAREATYPE": "Rasteanlæg", "SERVICEAREANAME": "Tappernøje Vest" }, "geometry": { "type": "Polygon", "coordinates": [ [ [ 11.9565069, 55.1696339 ], [ 11.9565128, 55.1696282 ], [ 11.956345, 55.169592 ], [ 11.9560975, 55.1695375 ], [ 11.9556613, 55.1694417 ], [ 11.9555655, 55.1694165 ], [ 11.9554974, 55.1693967 ], [ 11.9554368, 55.1693788 ], [ 11.9553635, 55.1693514 ], [ 11.9553161, 55.1693311 ], [ 11.9552592, 55.169304 ], [ 11.9552059, 55.1692755 ], [ 11.9551542, 55.1692454 ], [ 11.9551152, 55.1692187 ], [ 11.9550699, 55.1691851 ], [ 11.9550312, 55.1691522 ], [ 11.9549887, 55.1691116 ], [ 11.9549582, 55.169076 ], [ 11.9549334, 55.1690446 ], [ 11.9549022, 55.168994 ], [ 11.9548687, 55.1689269 ], [ 11.9548502, 55.1688915 ], [ 11.9548405, 55.1688682 ], [ 11.9547737, 55.1686949 ], [ 11.9547167, 55.1685482 ], [ 11.9546628, 55.1684093 ], [ 11.9545024, 55.1679967 ], [ 11.9545531, 55.1680383 ], [ 11.9546129, 55.1680774 ], [ 11.9546935, 55.1681229 ], [ 11.9547885, 55.1681654 ], [ 11.9548743, 55.168196 ], [ 11.9549596, 55.168221 ], [ 11.9550549, 55.1682443 ], [ 11.9551395, 55.1682597 ], [ 11.9552272, 55.1682715 ], [ 11.9553178, 55.1682803 ], [ 11.9554141, 55.168284 ], [ 11.9554993, 55.1682839 ], [ 11.9555837, 55.1682798 ], [ 11.9556748, 55.1682722 ], [ 11.9557742, 55.1682582 ], [ 11.9558594, 55.168242 ], [ 11.9559143, 55.1682304 ], [ 11.9559717, 55.1682163 ], [ 11.956149, 55.1681702 ], [ 11.956408, 55.1680972 ], [ 11.9565855, 55.1680422 ], [ 11.9565794, 55.1679879 ], [ 11.9567678, 55.1679199 ], [ 11.9570211, 55.1678158 ], [ 11.9571524, 55.1677009 ], [ 11.9572268, 55.1677318 ], [ 11.957601, 55.1677208 ], [ 11.9579169, 55.1699019 ], [ 11.9575357, 55.1699169 ], [ 11.9574741, 55.1699512 ], [ 11.9572056, 55.169835 ], [ 11.9567453, 55.1697253 ], [ 11.9564748, 55.1696686 ], [ 11.9565069, 55.1696339 ] ] ] } },
{ "type": "Feature", "properties": { "gml_id": "restareas.112", "gml_id2": "restareas.fid-2a2e2400_1998da19001_7a29", "SERVICEAREAID": 5227158.0, "SERVICEAREATYPE": "Rasteanlæg", "SERVICEAREANAME": "Tappernøje Øst" }, "geometry": { "type": "Polygon", "coordinates": [ [ [ 11.9580292, 55.1673803 ], [ 11.95779, 55.1661227 ], [ 11.9575766, 55.1652797 ], [ 11.9575418, 55.165186 ], [ 11.9579346, 55.165146 ], [ 11.9579605, 55.1651219 ], [ 11.9581292, 55.1651849 ], [ 11.9586027, 55.1652723 ], [ 11.9586926, 55.1652829 ], [ 11.958704, 55.1653322 ], [ 11.9587953, 55.1653452 ], [ 11.9589014, 55.16536 ], [ 11.959008, 55.165374 ], [ 11.9591145, 55.1653869 ], [ 11.9592336, 55.1654024 ], [ 11.9593536, 55.1654171 ], [ 11.959474, 55.1654307 ], [ 11.9595174, 55.1654353 ], [ 11.959561, 55.1654395 ], [ 11.9596047, 55.1654433 ], [ 11.9596484, 55.1654468 ], [ 11.9596923, 55.1654498 ], [ 11.9597374, 55.1654526 ], [ 11.9597622, 55.165453 ], [ 11.9597858, 55.1654533 ], [ 11.9598095, 55.1654533 ], [ 11.9598332, 55.1654531 ], [ 11.9598569, 55.1654527 ], [ 11.9598805, 55.1654521 ], [ 11.9599042, 55.1654512 ], [ 11.9599278, 55.1654502 ], [ 11.9599515, 55.1654489 ], [ 11.9599682, 55.1654478 ], [ 11.9599847, 55.1654466 ], [ 11.9600012, 55.1654451 ], [ 11.9600177, 55.1654436 ], [ 11.9600341, 55.1654418 ], [ 11.9600504, 55.1654399 ], [ 11.9600667, 55.1654379 ], [ 11.9600829, 55.1654356 ], [ 11.9600991, 55.1654333 ], [ 11.9601152, 55.1654307 ], [ 11.9601312, 55.1654281 ], [ 11.9601644, 55.1654221 ], [ 11.9601823, 55.1654187 ], [ 11.9602, 55.1654152 ], [ 11.9602176, 55.1654115 ], [ 11.9602352, 55.1654076 ], [ 11.9602526, 55.1654036 ], [ 11.9602699, 55.1653994 ], [ 11.9602871, 55.165395 ], [ 11.9603041, 55.1653905 ], [ 11.960321, 55.1653858 ], [ 11.9603378, 55.1653809 ], [ 11.9603534, 55.1653763 ], [ 11.9603688, 55.1653714 ], [ 11.9603841, 55.1653665 ], [ 11.9603993, 55.1653614 ], [ 11.9604143, 55.1653561 ], [ 11.9604291, 55.1653507 ], [ 11.9604438, 55.1653452 ], [ 11.9604584, 55.1653395 ], [ 11.9604728, 55.1653337 ], [ 11.960487, 55.1653278 ], [ 11.9605006, 55.1653219 ], [ 11.9605131, 55.1653167 ], [ 11.9605259, 55.1653111 ], [ 11.9605386, 55.1653054 ], [ 11.9605511, 55.1652996 ], [ 11.9605634, 55.1652937 ], [ 11.9605755, 55.1652877 ], [ 11.9605875, 55.1652815 ], [ 11.9605993, 55.1652752 ], [ 11.9606109, 55.1652689 ], [ 11.9606224, 55.1652624 ], [ 11.9606336, 55.1652558 ], [ 11.9606447, 55.1652491 ], [ 11.9606556, 55.1652423 ], [ 11.9606662, 55.1652354 ], [ 11.9606762, 55.1652287 ], [ 11.9606866, 55.1652221 ], [ 11.9606972, 55.1652151 ], [ 11.9607077, 55.1652079 ], [ 11.9607179, 55.1652007 ], [ 11.9607279, 55.1651933 ], [ 11.9607376, 55.1651859 ], [ 11.9607472, 55.1651784 ], [ 11.9607565, 55.1651707 ], [ 11.9607656, 55.165163 ], [ 11.9607745, 55.1651552 ], [ 11.9607831, 55.1651473 ], [ 11.9607915, 55.1651394 ], [ 11.960798, 55.1651329 ], [ 11.9607854, 55.1651695 ], [ 11.9607635, 55.1652224 ], [ 11.9607399, 55.1652753 ], [ 11.9607149, 55.165328 ], [ 11.9606883, 55.1653804 ], [ 11.9606602, 55.1654328 ], [ 11.9606452, 55.1654607 ], [ 11.9606296, 55.1654883 ], [ 11.9606133, 55.1655157 ], [ 11.9605961, 55.165543 ], [ 11.9605783, 55.1655701 ], [ 11.9605596, 55.1655971 ], [ 11.9605402, 55.1656239 ], [ 11.9605201, 55.1656505 ], [ 11.960499, 55.1656772 ], [ 11.96047, 55.165715 ], [ 11.9604402, 55.1657524 ], [ 11.9604094, 55.1657894 ], [ 11.9603775, 55.1658262 ], [ 11.9603445, 55.1658626 ], [ 11.9603106, 55.1658987 ], [ 11.9602756, 55.1659345 ], [ 11.9602396, 55.1659701 ], [ 11.9601685, 55.166038 ], [ 11.9600954, 55.1661052 ], [ 11.9600204, 55.1661716 ], [ 11.9599433, 55.1662373 ], [ 11.9596352, 55.1664911 ], [ 11.9594327, 55.1666563 ], [ 11.9594215, 55.1666655 ], [ 11.959411, 55.1666744 ], [ 11.9594144, 55.166676 ], [ 11.9594183, 55.1666778 ], [ 11.9594251, 55.1666806 ], [ 11.95943, 55.1666825 ], [ 11.9594343, 55.1666836 ], [ 11.9594355, 55.1666838 ], [ 11.9594415, 55.1666838 ], [ 11.9594697, 55.166693 ], [ 11.9590838, 55.1670103 ], [ 11.9587816, 55.1673168 ], [ 11.9586256, 55.1675085 ], [ 11.9580292, 55.1673803 ] ] ] } },
{ "type": "Feature", "properties": { "gml_id": "restareas.125", "gml_id2": "restareas.fid-2a2e2400_1998da19001_7a36", "SERVICEAREAID": 5260259.0, "SERVICEAREATYPE": "Rasteplads", "SERVICEAREANAME": "Jedsted Rasteplads Øst" }, "geometry": { "type": "Polygon", "coordinates": [ [ [ 8.7419944, 55.3896098 ], [ 8.7416862, 55.3898597 ], [ 8.7415773, 55.3899279 ], [ 8.7411282, 55.3904293 ], [ 8.7409909, 55.3905605 ], [ 8.7406605, 55.3907547 ], [ 8.7402463, 55.3909868 ], [ 8.7394861, 55.3914103 ], [ 8.7392069, 55.3913083 ], [ 8.7389647, 55.3911987 ], [ 8.7387603, 55.3909775 ], [ 8.7390057, 55.3908877 ], [ 8.738926, 55.3908176 ], [ 8.7391488, 55.3907158 ], [ 8.739742, 55.3904451 ], [ 8.7403529, 55.390185 ], [ 8.7413635, 55.389781 ], [ 8.7414267, 55.3898287 ], [ 8.7418931, 55.3896438 ], [ 8.7419944, 55.3896098 ] ] ] } },
{ "type": "Feature", "properties": { "gml_id": "restareas.113", "gml_id2": "restareas.fid-2a2e2400_1998da19001_7a2a", "SERVICEAREAID": 5257115.0, "SERVICEAREATYPE": "Rasteanlæg", "SERVICEAREANAME": "Farø" }, "geometry": { "type": "Polygon", "coordinates": [ [ [ 11.9899727, 54.9479137 ], [ 11.989715, 54.9480423 ], [ 11.989664, 54.9481172 ], [ 11.9892736, 54.9483119 ], [ 11.9890486, 54.9483954 ], [ 11.9888675, 54.9484876 ], [ 11.9887118, 54.9485929 ], [ 11.9879586, 54.9489696 ], [ 11.9878342, 54.9490156 ], [ 11.9877195, 54.9490364 ], [ 11.9871224, 54.9493386 ], [ 11.9864034, 54.9497447 ], [ 11.9863808, 54.9497259 ], [ 11.9854701, 54.9501824 ], [ 11.9853087, 54.9502661 ], [ 11.9842728, 54.949635 ], [ 11.9842514, 54.9496443 ], [ 11.9840229, 54.9494918 ], [ 11.9837657, 54.9496363 ], [ 11.9849357, 54.9504629 ], [ 11.984817, 54.9505338 ], [ 11.9847116, 54.9505983 ], [ 11.9845607, 54.9507043 ], [ 11.9844476, 54.9507917 ], [ 11.9843765, 54.9508501 ], [ 11.9842897, 54.9509278 ], [ 11.9841761, 54.95104 ], [ 11.9840918, 54.9511358 ], [ 11.9840135, 54.9512391 ], [ 11.9839532, 54.9513259 ], [ 11.9839151, 54.9513823 ], [ 11.9838901, 54.9514248 ], [ 11.983826, 54.9515506 ], [ 11.9838074, 54.9515914 ], [ 11.9830244, 54.9514837 ], [ 11.9828151, 54.9514704 ], [ 11.9826875, 54.9508623 ], [ 11.983034, 54.9498785 ], [ 11.9832865, 54.9493608 ], [ 11.9833717, 54.9492752 ], [ 11.9835018, 54.9492231 ], [ 11.9836713, 54.9491798 ], [ 11.9849009, 54.9491729 ], [ 11.9852254, 54.9491327 ], [ 11.9856416, 54.9490411 ], [ 11.9859289, 54.9489374 ], [ 11.9865187, 54.9485663 ], [ 11.9867162, 54.9484177 ], [ 11.9870122, 54.9481754 ], [ 11.9873196, 54.9478834 ], [ 11.9875077, 54.9477429 ], [ 11.9880408, 54.9475851 ], [ 11.988822, 54.9471964 ], [ 11.9899727, 54.9479137 ] ] ] } },
{ "type": "Feature", "properties": { "gml_id": "restareas.114", "gml_id2": "restareas.fid-2a2e2400_1998da19001_7a2b", "SERVICEAREAID": 5238913.0, "SERVICEAREATYPE": "Rasteplads", "SERVICEAREANAME": "Dronninghave" }, "geometry": { "type": "Polygon", "coordinates": [ [ [ 11.8196033, 54.8401222 ], [ 11.8203043, 54.840203 ], [ 11.8226777, 54.8404299 ], [ 11.8225187, 54.841357 ], [ 11.8224236, 54.8419085 ], [ 11.8225345, 54.8420384 ], [ 11.8224282, 54.8419769 ], [ 11.8220588, 54.8416893 ], [ 11.8220457, 54.8416795 ], [ 11.8218278, 54.8418284 ], [ 11.8216058, 54.8417248 ], [ 11.8212887, 54.8415369 ], [ 11.8209738, 54.8413968 ], [ 11.8203328, 54.8411115 ], [ 11.8195039, 54.840743 ], [ 11.8190568, 54.8405474 ], [ 11.8192423, 54.8404022 ], [ 11.819174, 54.840374 ], [ 11.8189258, 54.8402758 ], [ 11.8187488, 54.8402123 ], [ 11.818153, 54.8400078 ], [ 11.818158, 54.8399469 ], [ 11.8185798, 54.8400033 ], [ 11.8190868, 54.8400633 ], [ 11.8196033, 54.8401222 ] ] ] } },
{ "type": "Feature", "properties": { "gml_id": "restareas.115", "gml_id2": "restareas.fid-2a2e2400_1998da19001_7a2c", "SERVICEAREAID": 5229192.0, "SERVICEAREATYPE": "Rasteplads", "SERVICEAREANAME": "Studehave" }, "geometry": { "type": "Polygon", "coordinates": [ [ [ 11.7023674, 54.8199014 ], [ 11.7034333, 54.8203733 ], [ 11.7052313, 54.8210985 ], [ 11.7056699, 54.8212605 ], [ 11.7055469, 54.8215075 ], [ 11.7058138, 54.8215434 ], [ 11.7060217, 54.8215849 ], [ 11.7062166, 54.821629 ], [ 11.7064456, 54.821691 ], [ 11.7066506, 54.8217502 ], [ 11.7069232, 54.8218244 ], [ 11.7069536, 54.8224169 ], [ 11.7062544, 54.8230509 ], [ 11.7046323, 54.8219291 ], [ 11.7037514, 54.821451 ], [ 11.703332, 54.8212648 ], [ 11.7027105, 54.8211321 ], [ 11.7024627, 54.8208665 ], [ 11.7015344, 54.8207808 ], [ 11.7013344, 54.8206194 ], [ 11.7006972, 54.820105 ], [ 11.7009287, 54.8200067 ], [ 11.7010975, 54.8199568 ], [ 11.7013388, 54.8198951 ], [ 11.7012604, 54.8198436 ], [ 11.7013729, 54.8197883 ], [ 11.7014192, 54.8198134 ], [ 11.701519, 54.819857 ], [ 11.7015931, 54.8198925 ], [ 11.701634, 54.8199143 ], [ 11.7016633, 54.8199314 ], [ 11.7017105, 54.8199615 ], [ 11.70181, 54.8200218 ], [ 11.7019059, 54.8200826 ], [ 11.7019652, 54.8201214 ], [ 11.7023674, 54.8199014 ] ] ] } },
{ "type": "Feature", "properties": { "gml_id": "restareas.116", "gml_id2": "restareas.fid-2a2e2400_1998da19001_7a2d", "SERVICEAREAID": 5233800.0, "SERVICEAREATYPE": "Rasteplads", "SERVICEAREANAME": "Lysemose" }, "geometry": { "type": "Polygon", "coordinates": [ [ [ 11.4894987, 54.781136 ], [ 11.4892589, 54.7812368 ], [ 11.4891052, 54.7813368 ], [ 11.489042, 54.7814011 ], [ 11.4857399, 54.7809936 ], [ 11.4855985, 54.7807493 ], [ 11.4855008, 54.7806314 ], [ 11.4853894, 54.780602 ], [ 11.4851708, 54.7806514 ], [ 11.484973, 54.7807216 ], [ 11.4844787, 54.7809383 ], [ 11.4843326, 54.7809532 ], [ 11.4841955, 54.7809193 ], [ 11.4840027, 54.780845 ], [ 11.4843308, 54.7807224 ], [ 11.4846478, 54.7806313 ], [ 11.4850706, 54.7805218 ], [ 11.48547, 54.7804584 ], [ 11.4857488, 54.7804422 ], [ 11.4861504, 54.7804416 ], [ 11.4866571, 54.7804912 ], [ 11.487012, 54.7805619 ], [ 11.4874306, 54.7806513 ], [ 11.4884564, 54.7808937 ], [ 11.4888266, 54.7809769 ], [ 11.4894987, 54.781136 ] ] ] } },
{ "type": "Feature", "properties": { "gml_id": "restareas.117", "gml_id2": "restareas.fid-2a2e2400_1998da19001_7a2e", "SERVICEAREAID": 5247825.0, "SERVICEAREATYPE": "Rasteplads", "SERVICEAREANAME": "Håred" }, "geometry": { "type": "Polygon", "coordinates": [ [ [ 11.4630039, 54.7569762 ], [ 11.4633183, 54.7573857 ], [ 11.4635118, 54.7576806 ], [ 11.4631893, 54.758094 ], [ 11.4623203, 54.7585819 ], [ 11.4622392, 54.7585868 ], [ 11.4622448, 54.7585349 ], [ 11.4622558, 54.7584998 ], [ 11.4622667, 54.7584748 ], [ 11.4622769, 54.7584551 ], [ 11.4623008, 54.7584216 ], [ 11.4623801, 54.7583238 ], [ 11.4624166, 54.7582841 ], [ 11.4624369, 54.7582646 ], [ 11.4624962, 54.7582111 ], [ 11.4625215, 54.7581832 ], [ 11.4625424, 54.7581542 ], [ 11.4625523, 54.7581354 ], [ 11.4625612, 54.758107 ], [ 11.46212, 54.7581155 ], [ 11.4620538, 54.7569985 ], [ 11.462237, 54.7569943 ], [ 11.4622245, 54.7569795 ], [ 11.4622173, 54.7569546 ], [ 11.4622043, 54.7569103 ], [ 11.4621915, 54.756866 ], [ 11.4621683, 54.7567816 ], [ 11.4620952, 54.7565189 ], [ 11.4620894, 54.7564978 ], [ 11.4626124, 54.7564706 ], [ 11.4630039, 54.7569762 ] ] ] } },
{ "type": "Feature", "properties": { "gml_id": "restareas.118", "gml_id2": "restareas.fid-2a2e2400_1998da19001_7a2f", "SERVICEAREAID": 5254036.0, "SERVICEAREATYPE": "Samkørselsplads", "SERVICEAREANAME": "Fynshav Færgehavn" }, "geometry": { "type": "Polygon", "coordinates": [ [ [ 9.9865428, 54.9935458 ], [ 9.9864076, 54.9938182 ], [ 9.9863471, 54.9941793 ], [ 9.9860106, 54.9939489 ], [ 9.9851994, 54.9941951 ], [ 9.98513, 54.9941769 ], [ 9.9850438, 54.9940947 ], [ 9.9849813, 54.9941163 ], [ 9.9850751, 54.9942017 ], [ 9.9850637, 54.9942498 ], [ 9.9851652, 54.9944045 ], [ 9.9853503, 54.9945804 ], [ 9.9853812, 54.9945702 ], [ 9.9854202, 54.994605 ], [ 9.9854656, 54.9946898 ], [ 9.985452, 54.9947098 ], [ 9.9853982, 54.9947269 ], [ 9.9853131, 54.9946017 ], [ 9.9848649, 54.9947612 ], [ 9.9840728, 54.994005 ], [ 9.9824571, 54.9934737 ], [ 9.9823105, 54.993407 ], [ 9.9818024, 54.99291 ], [ 9.9817383, 54.9928331 ], [ 9.9817789, 54.9928278 ], [ 9.9816996, 54.9927541 ], [ 9.981717, 54.992713 ], [ 9.9816905, 54.9926698 ], [ 9.981925, 54.9926144 ], [ 9.9823, 54.9924985 ], [ 9.9828869, 54.9922206 ], [ 9.9830534, 54.9923357 ], [ 9.9832898, 54.9921877 ], [ 9.9847122, 54.9919052 ], [ 9.9847373, 54.9919282 ], [ 9.9847108, 54.9919805 ], [ 9.9847358, 54.9920483 ], [ 9.9849291, 54.9922137 ], [ 9.9850687, 54.9923066 ], [ 9.9854115, 54.9924773 ], [ 9.9858748, 54.9925737 ], [ 9.9859561, 54.9931782 ], [ 9.9860063, 54.9933015 ], [ 9.98606, 54.9933582 ], [ 9.9861693, 54.9934172 ], [ 9.9865277, 54.9935277 ], [ 9.9865428, 54.9935458 ] ] ] } },
{ "type": "Feature", "properties": { "gml_id": "restareas.119", "gml_id2": "restareas.fid-2a2e2400_1998da19001_7a30", "SERVICEAREAID": 5259565.0, "SERVICEAREATYPE": "Rasteplads", "SERVICEAREANAME": "Ellum Mark Rasteplads" }, "geometry": { "type": "Polygon", "coordinates": [ [ [ 8.8983607, 55.0232386 ], [ 8.8971682, 55.0232166 ], [ 8.897048, 55.0232106 ], [ 8.8970064, 55.023191 ], [ 8.8969525, 55.0231479 ], [ 8.8964293, 55.022368 ], [ 8.8961292, 55.0219754 ], [ 8.8962191, 55.0218938 ], [ 8.8962125, 55.0218789 ], [ 8.8974875, 55.0216 ], [ 8.8983607, 55.0232386 ] ] ] } },
{ "type": "Feature", "properties": { "gml_id": "restareas.120", "gml_id2": "restareas.fid-2a2e2400_1998da19001_7a31", "SERVICEAREAID": 5232519.0, "SERVICEAREATYPE": "Rasteplads", "SERVICEAREANAME": "Åbøl Rasteplads" }, "geometry": { "type": "Polygon", "coordinates": [ [ [ 9.1266489, 55.2367609 ], [ 9.1265135, 55.2367902 ], [ 9.1264336, 55.2368707 ], [ 9.126425, 55.2369004 ], [ 9.1264661, 55.2369943 ], [ 9.1263697, 55.2369084 ], [ 9.1263685, 55.2369395 ], [ 9.1262137, 55.2368095 ], [ 9.1262896, 55.2368185 ], [ 9.1252287, 55.2359102 ], [ 9.1252159, 55.2358615 ], [ 9.125405, 55.2357496 ], [ 9.1253837, 55.2357327 ], [ 9.1255344, 55.235644 ], [ 9.1255461, 55.2356677 ], [ 9.1257266, 55.2355544 ], [ 9.1259176, 55.2354741 ], [ 9.1259333, 55.2355504 ], [ 9.1266489, 55.2367609 ] ] ] } },
{ "type": "Feature", "properties": { "gml_id": "restareas.121", "gml_id2": "restareas.fid-2a2e2400_1998da19001_7a32", "SERVICEAREAID": 5250753.0, "SERVICEAREATYPE": "Rasteplads", "SERVICEAREANAME": "Gelså Rasteplads" }, "geometry": { "type": "Polygon", "coordinates": [ [ [ 8.9366788, 55.2939518 ], [ 8.9365985, 55.2940133 ], [ 8.9351883, 55.2943056 ], [ 8.934855, 55.2943635 ], [ 8.9348559, 55.294274 ], [ 8.9348127, 55.2943088 ], [ 8.9348149, 55.2941519 ], [ 8.9348562, 55.2941783 ], [ 8.9348727, 55.294104 ], [ 8.9349084, 55.2940815 ], [ 8.9354953, 55.2939739 ], [ 8.9364178, 55.2937702 ], [ 8.93638, 55.2937256 ], [ 8.9366494, 55.2936596 ], [ 8.9366247, 55.2937107 ], [ 8.9366428, 55.2938865 ], [ 8.9366788, 55.2939518 ] ] ] } },
{ "type": "Feature", "properties": { "gml_id": "restareas.122", "gml_id2": "restareas.fid-2a2e2400_1998da19001_7a33", "SERVICEAREAID": 5251259.0, "SERVICEAREATYPE": "Rasteplads", "SERVICEAREANAME": "Sølsted Rasteplads" }, "geometry": { "type": "Polygon", "coordinates": [ [ [ 8.8292585, 55.0309378 ], [ 8.8291669, 55.0310599 ], [ 8.8291454, 55.0310556 ], [ 8.8289161, 55.031438 ], [ 8.828802, 55.03162 ], [ 8.828687, 55.0317877 ], [ 8.8285267, 55.0321117 ], [ 8.8283315, 55.0326583 ], [ 8.8282569, 55.0328707 ], [ 8.8283125, 55.0328437 ], [ 8.8282578, 55.0329928 ], [ 8.8282193, 55.0329444 ], [ 8.828163, 55.0329376 ], [ 8.8281564, 55.0329452 ], [ 8.827849, 55.0329015 ], [ 8.8278748, 55.0322525 ], [ 8.8280145, 55.0318379 ], [ 8.8281224, 55.0316629 ], [ 8.8283834, 55.0313564 ], [ 8.828242, 55.0313206 ], [ 8.8278304, 55.0311569 ], [ 8.828162, 55.0308549 ], [ 8.828624, 55.0310161 ], [ 8.8287477, 55.0310159 ], [ 8.8290225, 55.0309669 ], [ 8.8291607, 55.0309595 ], [ 8.8291632, 55.0309762 ], [ 8.8291955, 55.0309691 ], [ 8.8292585, 55.0309378 ] ] ] } },
{ "type": "Feature", "properties": { "gml_id": "restareas.123", "gml_id2": "restareas.fid-2a2e2400_1998da19001_7a34", "SERVICEAREAID": 5249492.0, "SERVICEAREATYPE": "Rasteplads", "SERVICEAREANAME": "Sæd" }, "geometry": { "type": "Polygon", "coordinates": [ [ [ 8.9106609, 54.9047171 ], [ 8.9103187, 54.9053379 ], [ 8.9096513, 54.905228 ], [ 8.909721, 54.9050892 ], [ 8.9098726, 54.9047983 ], [ 8.9099726, 54.9046232 ], [ 8.9099834, 54.9045818 ], [ 8.9100903, 54.904386 ], [ 8.9101948, 54.9041816 ], [ 8.9102825, 54.9040518 ], [ 8.9103562, 54.9039378 ], [ 8.910362, 54.9039382 ], [ 8.9103628, 54.9039535 ], [ 8.9103636, 54.9039691 ], [ 8.9103684, 54.9040091 ], [ 8.9103923, 54.9040519 ], [ 8.9103733, 54.9040704 ], [ 8.9103426, 54.9041241 ], [ 8.9103119, 54.9041812 ], [ 8.9102887, 54.9042278 ], [ 8.9102141, 54.9043799 ], [ 8.9101048, 54.9045795 ], [ 8.910284, 54.9046099 ], [ 8.9102591, 54.9046617 ], [ 8.9106609, 54.9047171 ] ] ] } },
{ "type": "Feature", "properties": { "gml_id": "restareas.124", "gml_id2": "restareas.fid-2a2e2400_1998da19001_7a35", "SERVICEAREAID": 5243804.0, "SERVICEAREATYPE": "Rasteanlæg", "SERVICEAREANAME": "Karlslunde Vest" }, "geometry": { "type": "Polygon", "coordinates": [ [ [ 12.2310353, 55.562515 ], [ 12.2305862, 55.562244 ], [ 12.2304085, 55.5621808 ], [ 12.2297383, 55.562061 ], [ 12.2296521, 55.5619989 ], [ 12.2289073, 55.5611235 ], [ 12.2288788, 55.5611186 ], [ 12.2286989, 55.5608332 ], [ 12.2283501, 55.5604273 ], [ 12.2277569, 55.5596735 ], [ 12.2273978, 55.5590682 ], [ 12.2281785, 55.5588965 ], [ 12.2282819, 55.5590362 ], [ 12.2283688, 55.5591554 ], [ 12.228432, 55.5592288 ], [ 12.2284626, 55.5592652 ], [ 12.2285383, 55.5593484 ], [ 12.2285686, 55.5593804 ], [ 12.2286114, 55.5594216 ], [ 12.2286358, 55.5594424 ], [ 12.2286574, 55.5594609 ], [ 12.22875, 55.5595508 ], [ 12.2287836, 55.5595851 ], [ 12.2288447, 55.5596549 ], [ 12.2289169, 55.5597372 ], [ 12.2289722, 55.5598066 ], [ 12.2289997, 55.5598482 ], [ 12.2291049, 55.5598244 ], [ 12.229065, 55.5597741 ], [ 12.2289851, 55.5596801 ], [ 12.2289663, 55.5596592 ], [ 12.2288218, 55.5594998 ], [ 12.2287155, 55.5593913 ], [ 12.228612, 55.5592855 ], [ 12.2284676, 55.5591214 ], [ 12.2283328, 55.5589328 ], [ 12.2282915, 55.5588717 ], [ 12.2283787, 55.5588525 ], [ 12.2286186, 55.5591784 ], [ 12.2287785, 55.5593882 ], [ 12.2290183, 55.5596716 ], [ 12.2293621, 55.5601174 ], [ 12.229891, 55.5607623 ], [ 12.2304362, 55.5614211 ], [ 12.2308916, 55.5619371 ], [ 12.2312967, 55.5623892 ], [ 12.2310353, 55.562515 ] ] ] } },
{ "type": "Feature", "properties": { "gml_id": "restareas.174", "gml_id2": "restareas.fid-2a2e2400_1998da19001_7a67", "SERVICEAREAID": 5243600.0, "SERVICEAREATYPE": "Rasteplads", "SERVICEAREANAME": "Handrup" }, "geometry": { "type": "Polygon", "coordinates": [ [ [ 10.6577435, 56.2397901 ], [ 10.6575507, 56.2400989 ], [ 10.6570313, 56.2411016 ], [ 10.6568522, 56.2413014 ], [ 10.6565519, 56.2414344 ], [ 10.656419, 56.2413293 ], [ 10.6564406, 56.2413177 ], [ 10.6561622, 56.2410228 ], [ 10.6561578, 56.240961 ], [ 10.6561957, 56.2408835 ], [ 10.6564775, 56.2406984 ], [ 10.6569746, 56.2403036 ], [ 10.65734, 56.2399662 ], [ 10.6573973, 56.2398867 ], [ 10.6573691, 56.2398406 ], [ 10.657479, 56.2397277 ], [ 10.6577435, 56.2397901 ] ] ] } },
{ "type": "Feature", "properties": { "gml_id": "restareas.126", "gml_id2": "restareas.fid-2a2e2400_1998da19001_7a37", "SERVICEAREAID": 5245684.0, "SERVICEAREATYPE": "Rasteplads", "SERVICEAREANAME": "Rasteplads Ribe" }, "geometry": { "type": "Polygon", "coordinates": [ [ [ 8.7738699, 55.3408955 ], [ 8.7736443, 55.3409513 ], [ 8.7736907, 55.3410018 ], [ 8.7735118, 55.3410614 ], [ 8.7734571, 55.3409957 ], [ 8.7729926, 55.3411061 ], [ 8.7726754, 55.3402667 ], [ 8.7730759, 55.340258 ], [ 8.7730461, 55.3402151 ], [ 8.7730067, 55.3401114 ], [ 8.7730772, 55.3400298 ], [ 8.7731391, 55.3399947 ], [ 8.773151, 55.3399728 ], [ 8.7731, 55.3398358 ], [ 8.7731706, 55.3398201 ], [ 8.773304, 55.3400412 ], [ 8.7733106, 55.3400516 ], [ 8.7732981, 55.3400614 ], [ 8.7732858, 55.3400726 ], [ 8.7732772, 55.340081 ], [ 8.7732804, 55.3400831 ], [ 8.7735179, 55.340469 ], [ 8.7735341, 55.3404941 ], [ 8.7736051, 55.3406006 ], [ 8.7737353, 55.3407802 ], [ 8.773778, 55.3407686 ], [ 8.773784, 55.3407769 ], [ 8.7738699, 55.3408955 ] ] ] } },
{ "type": "Feature", "properties": { "gml_id": "restareas.127", "gml_id2": "restareas.fid-2a2e2400_1998da19001_7a38", "SERVICEAREAID": 5247214.0, "SERVICEAREATYPE": "Rasteanlæg", "SERVICEAREANAME": "Varde Vest" }, "geometry": { "type": "Polygon", "coordinates": [ [ [ 8.5154662, 55.6294176 ], [ 8.5154425, 55.6301044 ], [ 8.5150819, 55.6301048 ], [ 8.515078, 55.629833 ], [ 8.5146483, 55.6289599 ], [ 8.5133692, 55.6277216 ], [ 8.5152051, 55.6271163 ], [ 8.515207, 55.6270218 ], [ 8.5154216, 55.627032 ], [ 8.5154521, 55.6284517 ], [ 8.5154433, 55.6294175 ], [ 8.5154662, 55.6294176 ] ] ] } },
{ "type": "Feature", "properties": { "gml_id": "restareas.128", "gml_id2": "restareas.fid-2a2e2400_1998da19001_7a39", "SERVICEAREAID": 5255036.0, "SERVICEAREATYPE": "Rasteplads", "SERVICEAREANAME": "Varde Øst" }, "geometry": { "type": "Polygon", "coordinates": [ [ [ 8.5195912, 55.6297059 ], [ 8.518465, 55.6306213 ], [ 8.5183808, 55.6306316 ], [ 8.517161, 55.6302762 ], [ 8.5169307, 55.6302247 ], [ 8.5156617, 55.6298629 ], [ 8.5156956, 55.6293592 ], [ 8.5155988, 55.6293563 ], [ 8.5156021, 55.6288752 ], [ 8.5156243, 55.6288755 ], [ 8.5156266, 55.6287752 ], [ 8.5156132, 55.6278322 ], [ 8.5155763, 55.6269921 ], [ 8.5155694, 55.6268966 ], [ 8.5155474, 55.6268969 ], [ 8.5155448, 55.6268816 ], [ 8.5155021, 55.6262581 ], [ 8.51564, 55.6262529 ], [ 8.5156745, 55.6265487 ], [ 8.5158061, 55.6267902 ], [ 8.5160571, 55.6270306 ], [ 8.5160932, 55.6271129 ], [ 8.5167425, 55.6277264 ], [ 8.5163061, 55.628123 ], [ 8.5166752, 55.6284998 ], [ 8.5167485, 55.6286128 ], [ 8.5171855, 55.6287926 ], [ 8.5195912, 55.6297059 ] ] ] } },
{ "type": "Feature", "properties": { "gml_id": "restareas.129", "gml_id2": "restareas.fid-2a2e2400_1998da19001_7a3a", "SERVICEAREAID": 5244915.0, "SERVICEAREATYPE": "Rasteplads", "SERVICEAREANAME": "Tofterup" }, "geometry": { "type": "Polygon", "coordinates": [ [ [ 8.8262381, 55.6729054 ], [ 8.825836, 55.6729602 ], [ 8.8257942, 55.6728835 ], [ 8.8257331, 55.672893 ], [ 8.8256408, 55.6727171 ], [ 8.8257007, 55.6727093 ], [ 8.8253294, 55.6720089 ], [ 8.825255, 55.6719982 ], [ 8.8251688, 55.6718409 ], [ 8.8252216, 55.6717584 ], [ 8.8254645, 55.6717366 ], [ 8.8262381, 55.6729054 ] ] ] } },
{ "type": "Feature", "properties": { "gml_id": "restareas.130", "gml_id2": "restareas.fid-2a2e2400_1998da19001_7a3b", "SERVICEAREAID": 5229581.0, "SERVICEAREATYPE": "Rasteplads", "SERVICEAREANAME": "Kolpendal Syd" }, "geometry": { "type": "Polygon", "coordinates": [ [ [ 9.3696473, 56.0931145 ], [ 9.3694699, 56.0932697 ], [ 9.3695195, 56.0932872 ], [ 9.3693839, 56.0935175 ], [ 9.3694266, 56.0935383 ], [ 9.3693737, 56.0936131 ], [ 9.3691871, 56.0935746 ], [ 9.3691521, 56.0935567 ], [ 9.3692468, 56.0934704 ], [ 9.3686657, 56.0933019 ], [ 9.3685535, 56.0933046 ], [ 9.3684885, 56.0933599 ], [ 9.3684279, 56.0933411 ], [ 9.3685215, 56.0932495 ], [ 9.3687094, 56.0930655 ], [ 9.3686178, 56.09304 ], [ 9.3688315, 56.0928291 ], [ 9.3688325, 56.0928448 ], [ 9.3688735, 56.0928636 ], [ 9.36888, 56.0928864 ], [ 9.3696303, 56.0930919 ], [ 9.3696473, 56.0931145 ] ] ] } },
{ "type": "Feature", "properties": { "gml_id": "restareas.131", "gml_id2": "restareas.fid-2a2e2400_1998da19001_7a3c", "SERVICEAREAID": 5232257.0, "SERVICEAREATYPE": "Rasteplads", "SERVICEAREANAME": "Kolpendal Nord" }, "geometry": { "type": "Polygon", "coordinates": [ [ [ 9.3656345, 56.0965526 ], [ 9.3655904, 56.0966411 ], [ 9.365526, 56.0966144 ], [ 9.3655009, 56.0966391 ], [ 9.3653335, 56.096988 ], [ 9.3653556, 56.0970296 ], [ 9.3653996, 56.0970273 ], [ 9.3653559, 56.0971159 ], [ 9.365286, 56.0970983 ], [ 9.3652014, 56.0972643 ], [ 9.3650045, 56.097339 ], [ 9.3647459, 56.0967406 ], [ 9.3648646, 56.096631 ], [ 9.3654995, 56.0965738 ], [ 9.3655062, 56.0965563 ], [ 9.3655445, 56.0965528 ], [ 9.3655356, 56.0965713 ], [ 9.3655825, 56.0965681 ], [ 9.3656345, 56.0965526 ] ] ] } },
{ "type": "Feature", "properties": { "gml_id": "restareas.132", "gml_id2": "restareas.fid-2a2e2400_1998da19001_7a3d", "SERVICEAREAID": 5227821.0, "SERVICEAREATYPE": "Rasteplads", "SERVICEAREANAME": "Grathe Hede" }, "geometry": { "type": "Polygon", "coordinates": [ [ [ 9.3220432, 56.2490828 ], [ 9.32206, 56.2492387 ], [ 9.3220365, 56.2493976 ], [ 9.3220083, 56.2495381 ], [ 9.3214178, 56.2518798 ], [ 9.3215171, 56.251909 ], [ 9.3215224, 56.2519271 ], [ 9.3210608, 56.2519272 ], [ 9.3210672, 56.2519082 ], [ 9.3211807, 56.2519006 ], [ 9.3212238, 56.2518502 ], [ 9.3215439, 56.2506159 ], [ 9.3209755, 56.2506649 ], [ 9.3212588, 56.2492008 ], [ 9.321176, 56.2491965 ], [ 9.3212302, 56.2488895 ], [ 9.3212955, 56.2488922 ], [ 9.3213642, 56.2489467 ], [ 9.3214043, 56.248989 ], [ 9.321626, 56.2489859 ], [ 9.3218425, 56.2490218 ], [ 9.3220432, 56.2490828 ] ] ] } },
{ "type": "Feature", "properties": { "gml_id": "restareas.133", "gml_id2": "restareas.fid-2a2e2400_1998da19001_7a3e", "SERVICEAREAID": 5252040.0, "SERVICEAREATYPE": "Rasteplads", "SERVICEAREANAME": "Sdr. Knudstrup Syd" }, "geometry": { "type": "Polygon", "coordinates": [ [ [ 9.3185808, 56.2551527 ], [ 9.3183171, 56.2556257 ], [ 9.3183624, 56.2556324 ], [ 9.3181867, 56.2559224 ], [ 9.3181292, 56.2559075 ], [ 9.3172384, 56.2573254 ], [ 9.3172808, 56.2573325 ], [ 9.3171438, 56.2575596 ], [ 9.3171044, 56.2575435 ], [ 9.317063, 56.2576068 ], [ 9.3169644, 56.2577659 ], [ 9.3168455, 56.2579535 ], [ 9.3166297, 56.2582873 ], [ 9.3166335, 56.2583358 ], [ 9.3166378, 56.2583462 ], [ 9.3165688, 56.2584743 ], [ 9.316518, 56.2585296 ], [ 9.3165184, 56.2584716 ], [ 9.3164606, 56.2584572 ], [ 9.3164912, 56.2584066 ], [ 9.316469, 56.2582815 ], [ 9.3164778, 56.2582648 ], [ 9.3165647, 56.258071 ], [ 9.3165187, 56.258058 ], [ 9.3166025, 56.2579151 ], [ 9.3166552, 56.2579196 ], [ 9.3171501, 56.2569781 ], [ 9.317806, 56.2557413 ], [ 9.317906, 56.2557309 ], [ 9.3185501, 56.2551528 ], [ 9.3185808, 56.2551527 ] ] ] } },
{ "type": "Feature", "properties": { "gml_id": "restareas.134", "gml_id2": "restareas.fid-2a2e2400_1998da19001_7a3f", "SERVICEAREAID": 5226599.0, "SERVICEAREATYPE": "Rasteplads", "SERVICEAREANAME": "Stendal" }, "geometry": { "type": "Polygon", "coordinates": [ [ [ 9.328003, 56.313146 ], [ 9.3279624, 56.3131501 ], [ 9.3279039, 56.3130813 ], [ 9.3273688, 56.3131219 ], [ 9.3272028, 56.3119731 ], [ 9.3273496, 56.311948 ], [ 9.3274712, 56.3121718 ], [ 9.3274489, 56.3122338 ], [ 9.3278283, 56.3129212 ], [ 9.3278917, 56.3129414 ], [ 9.328003, 56.313146 ] ] ] } },
{ "type": "Feature", "properties": { "gml_id": "restareas.135", "gml_id2": "restareas.fid-2a2e2400_1998da19001_7a40", "SERVICEAREAID": 5238832.0, "SERVICEAREATYPE": "Rasteplads", "SERVICEAREANAME": "Hvam" }, "geometry": { "type": "Polygon", "coordinates": [ [ [ 9.3308807, 56.3171486 ], [ 9.3308329, 56.3171606 ], [ 9.3304836, 56.3172708 ], [ 9.3304284, 56.3172805 ], [ 9.330259, 56.3169686 ], [ 9.3303071, 56.3169603 ], [ 9.3297517, 56.3159346 ], [ 9.3296696, 56.3159029 ], [ 9.3295281, 56.3156485 ], [ 9.3297783, 56.3156182 ], [ 9.3308807, 56.3171486 ] ] ] } },
{ "type": "Feature", "properties": { "gml_id": "restareas.136", "gml_id2": "restareas.fid-2a2e2400_1998da19001_7a41", "SERVICEAREAID": 5247159.0, "SERVICEAREATYPE": "Rasteplads", "SERVICEAREANAME": "Vranum Syd" }, "geometry": { "type": "Polygon", "coordinates": [ [ [ 9.3814993, 56.3828506 ], [ 9.3807795, 56.3828707 ], [ 9.3806123, 56.3835061 ], [ 9.3804354, 56.3834854 ], [ 9.3804564, 56.3832791 ], [ 9.3804866, 56.3832539 ], [ 9.3805206, 56.3828616 ], [ 9.3805298, 56.3819706 ], [ 9.3804738, 56.3812597 ], [ 9.3804441, 56.3812306 ], [ 9.3804107, 56.3809133 ], [ 9.3805233, 56.3809094 ], [ 9.3805667, 56.3811572 ], [ 9.3806528, 56.3812714 ], [ 9.380934, 56.3820838 ], [ 9.3811285, 56.3823829 ], [ 9.3814993, 56.3828506 ] ] ] } },
{ "type": "Feature", "properties": { "gml_id": "restareas.137", "gml_id2": "restareas.fid-2a2e2400_1998da19001_7a42", "SERVICEAREAID": 5244719.0, "SERVICEAREATYPE": "Rasteplads", "SERVICEAREANAME": "Dejbjerg Vest" }, "geometry": { "type": "Polygon", "coordinates": [ [ [ 8.450481, 55.9920914 ], [ 8.4494557, 55.9932079 ], [ 8.4493838, 55.9931971 ], [ 8.4493166, 55.9932715 ], [ 8.4492013, 55.9932643 ], [ 8.4492499, 55.9931238 ], [ 8.4493197, 55.9929919 ], [ 8.4494087, 55.9928246 ], [ 8.4499487, 55.9922277 ], [ 8.4501319, 55.9920661 ], [ 8.450397, 55.9919123 ], [ 8.4505747, 55.9918237 ], [ 8.4506406, 55.9918421 ], [ 8.4504474, 55.9920694 ], [ 8.450481, 55.9920914 ] ] ] } },
{ "type": "Feature", "properties": { "gml_id": "restareas.138", "gml_id2": "restareas.fid-2a2e2400_1998da19001_7a43", "SERVICEAREAID": 5245833.0, "SERVICEAREATYPE": "Rasteplads", "SERVICEAREANAME": "Dejbjerg Øst" }, "geometry": { "type": "Polygon", "coordinates": [ [ [ 8.4530295, 55.9895503 ], [ 8.4528786, 55.9897155 ], [ 8.4529197, 55.9900051 ], [ 8.4523618, 55.9905964 ], [ 8.4519657, 55.9906955 ], [ 8.4518622, 55.9906984 ], [ 8.45295, 55.9895241 ], [ 8.4530295, 55.9895503 ] ] ] } },
{ "type": "Feature", "properties": { "gml_id": "restareas.139", "gml_id2": "restareas.fid-2a2e2400_1998da19001_7a44", "SERVICEAREAID": 5227001.0, "SERVICEAREATYPE": "Rasteplads", "SERVICEAREANAME": "Løvlund" }, "geometry": { "type": "Polygon", "coordinates": [ [ [ 9.0317534, 55.7477476 ], [ 9.0298483, 55.7480927 ], [ 9.0293985, 55.7481248 ], [ 9.027121, 55.7485091 ], [ 9.0270021, 55.7482713 ], [ 9.026992, 55.7482383 ], [ 9.0269995, 55.7482066 ], [ 9.0270143, 55.7481866 ], [ 9.0270367, 55.748172 ], [ 9.0270628, 55.7481609 ], [ 9.0271007, 55.7481502 ], [ 9.0271259, 55.7481708 ], [ 9.0291885, 55.7478451 ], [ 9.0312053, 55.7475137 ], [ 9.0312209, 55.7474814 ], [ 9.0316232, 55.7474146 ], [ 9.0317534, 55.7477476 ] ] ] } },
{ "type": "Feature", "properties": { "gml_id": "restareas.140", "gml_id2": "restareas.fid-2a2e2400_1998da19001_7a45", "SERVICEAREAID": 5237297.0, "SERVICEAREATYPE": "Rasteplads", "SERVICEAREANAME": "Grindsted Ø" }, "geometry": { "type": "Polygon", "coordinates": [ [ [ 8.9862615, 55.7524858 ], [ 8.9861426, 55.7524958 ], [ 8.9861536, 55.7525186 ], [ 8.9858126, 55.7525462 ], [ 8.9858147, 55.7525209 ], [ 8.9854294, 55.7525499 ], [ 8.9846934, 55.7526059 ], [ 8.9839212, 55.7526572 ], [ 8.9838208, 55.7526681 ], [ 8.9838259, 55.7526914 ], [ 8.9834415, 55.7527161 ], [ 8.9832081, 55.7522273 ], [ 8.9855307, 55.7520388 ], [ 8.9862371, 55.7524516 ], [ 8.9862531, 55.752462 ], [ 8.9862615, 55.7524858 ] ] ] } },
{ "type": "Feature", "properties": { "gml_id": "restareas.141", "gml_id2": "restareas.fid-2a2e2400_1998da19001_7a46", "SERVICEAREAID": 5260369.0, "SERVICEAREATYPE": "Rasteplads", "SERVICEAREANAME": "Kibæk" }, "geometry": { "type": "Polygon", "coordinates": [ [ [ 8.8773382, 56.0442676 ], [ 8.8773312, 56.0442847 ], [ 8.8772528, 56.0442721 ], [ 8.8768596, 56.0443352 ], [ 8.8763461, 56.0437692 ], [ 8.8758587, 56.0433293 ], [ 8.8752475, 56.0428854 ], [ 8.8751316, 56.0428185 ], [ 8.8748853, 56.042623 ], [ 8.8751867, 56.0425688 ], [ 8.8753289, 56.0426049 ], [ 8.8760013, 56.043106 ], [ 8.8762339, 56.0432918 ], [ 8.8765872, 56.0435897 ], [ 8.8773382, 56.0442676 ] ] ] } },
{ "type": "Feature", "properties": { "gml_id": "restareas.142", "gml_id2": "restareas.fid-2a2e2400_1998da19001_7a47", "SERVICEAREAID": 5257719.0, "SERVICEAREATYPE": "Rasteplads", "SERVICEAREANAME": "Assing Vest" }, "geometry": { "type": "Polygon", "coordinates": [ [ [ 8.8473009, 56.0073005 ], [ 8.8472227, 56.0073145 ], [ 8.8468478, 56.0067761 ], [ 8.8466453, 56.0066449 ], [ 8.8465286, 56.0064384 ], [ 8.84654, 56.0062548 ], [ 8.8464112, 56.0057737 ], [ 8.8465128, 56.0057506 ], [ 8.8467098, 56.0061341 ], [ 8.8469221, 56.006528 ], [ 8.8473009, 56.0073005 ] ] ] } },
{ "type": "Feature", "properties": { "gml_id": "restareas.143", "gml_id2": "restareas.fid-2a2e2400_1998da19001_7a48", "SERVICEAREAID": 5243789.0, "SERVICEAREATYPE": "Rasteplads", "SERVICEAREANAME": "Assing Øst" }, "geometry": { "type": "Polygon", "coordinates": [ [ [ 8.8473492, 56.0068438 ], [ 8.8473226, 56.0069526 ], [ 8.8473086, 56.0070543 ], [ 8.847088, 56.006628 ], [ 8.8468977, 56.006256 ], [ 8.8465829, 56.0056204 ], [ 8.846695, 56.0056019 ], [ 8.8468081, 56.0057532 ], [ 8.8471861, 56.006163 ], [ 8.8472558, 56.0063008 ], [ 8.8473492, 56.0068438 ] ] ] } },
{ "type": "Feature", "properties": { "gml_id": "restareas.144", "gml_id2": "restareas.fid-2a2e2400_1998da19001_7a49", "SERVICEAREAID": 5239800.0, "SERVICEAREATYPE": "Rasteplads", "SERVICEAREANAME": "Sdr. Felding" }, "geometry": { "type": "Polygon", "coordinates": [ [ [ 8.7927865, 55.9207445 ], [ 8.7919133, 55.9223861 ], [ 8.791882, 55.9223817 ], [ 8.7919155, 55.922281 ], [ 8.791808, 55.9224787 ], [ 8.7917424, 55.9224695 ], [ 8.7918828, 55.9221903 ], [ 8.7917062, 55.9221643 ], [ 8.7920254, 55.9215319 ], [ 8.7920504, 55.9214492 ], [ 8.792307, 55.9209547 ], [ 8.7923753, 55.920856 ], [ 8.7926656, 55.9207214 ], [ 8.7927865, 55.9207445 ] ] ] } },
{ "type": "Feature", "properties": { "gml_id": "restareas.145", "gml_id2": "restareas.fid-2a2e2400_1998da19001_7a4a", "SERVICEAREAID": 5257054.0, "SERVICEAREATYPE": "Rasteplads", "SERVICEAREANAME": "Ølgod SV" }, "geometry": { "type": "Polygon", "coordinates": [ [ [ 8.6233121, 55.7751901 ], [ 8.6232721, 55.7751916 ], [ 8.6230774, 55.7746381 ], [ 8.6229551, 55.774179 ], [ 8.6213644, 55.7739236 ], [ 8.6214305, 55.7728129 ], [ 8.6219137, 55.7724143 ], [ 8.6221218, 55.7724506 ], [ 8.6222354, 55.7723521 ], [ 8.6224944, 55.7722506 ], [ 8.622507, 55.7721915 ], [ 8.6225476, 55.7721881 ], [ 8.6225891, 55.7723521 ], [ 8.6225376, 55.7723557 ], [ 8.6227676, 55.7732301 ], [ 8.6229299, 55.7739634 ], [ 8.6230003, 55.7739644 ], [ 8.6230217, 55.7740528 ], [ 8.6229718, 55.7741369 ], [ 8.6233121, 55.7751901 ] ] ] } },
{ "type": "Feature", "properties": { "gml_id": "restareas.146", "gml_id2": "restareas.fid-2a2e2400_1998da19001_7a4b", "SERVICEAREAID": 5258279.0, "SERVICEAREATYPE": "Rasteplads", "SERVICEAREANAME": "Ølgod SØ" }, "geometry": { "type": "Polygon", "coordinates": [ [ [ 8.6235468, 55.7740521 ], [ 8.6232757, 55.7740784 ], [ 8.6231579, 55.7740591 ], [ 8.6231204, 55.7739182 ], [ 8.6231707, 55.7739127 ], [ 8.6228819, 55.7727717 ], [ 8.6228357, 55.7727746 ], [ 8.6228297, 55.7727585 ], [ 8.6228551, 55.7726439 ], [ 8.6227144, 55.772148 ], [ 8.6225387, 55.7716469 ], [ 8.6225804, 55.7716429 ], [ 8.6227746, 55.7721665 ], [ 8.6229087, 55.7726201 ], [ 8.6232325, 55.7727284 ], [ 8.6234088, 55.7728281 ], [ 8.6235238, 55.7736836 ], [ 8.6235064, 55.7736845 ], [ 8.6235468, 55.7740521 ] ] ] } },
{ "type": "Feature", "properties": { "gml_id": "restareas.147", "gml_id2": "restareas.fid-2a2e2400_1998da19001_7a4c", "SERVICEAREAID": 5232485.0, "SERVICEAREATYPE": "Rasteplads", "SERVICEAREANAME": "Tirstrup Nord" }, "geometry": { "type": "Polygon", "coordinates": [ [ [ 10.59586, 56.2934358 ], [ 10.5957684, 56.2934665 ], [ 10.5957758, 56.2935245 ], [ 10.5955795, 56.293533 ], [ 10.5955671, 56.2935407 ], [ 10.5955631, 56.2936097 ], [ 10.5946529, 56.2936599 ], [ 10.594139, 56.2936808 ], [ 10.5940204, 56.2936034 ], [ 10.5938511, 56.2936115 ], [ 10.5938337, 56.2935292 ], [ 10.5941955, 56.2935075 ], [ 10.595424, 56.2934545 ], [ 10.59586, 56.2934358 ] ] ] } },
{ "type": "Feature", "properties": { "gml_id": "restareas.148", "gml_id2": "restareas.fid-2a2e2400_1998da19001_7a4d", "SERVICEAREAID": 5240752.0, "SERVICEAREATYPE": "Rasteplads", "SERVICEAREANAME": "Tirstrup Syd" }, "geometry": { "type": "Polygon", "coordinates": [ [ [ 10.6173459, 56.2928069 ], [ 10.6173222, 56.2928704 ], [ 10.6168718, 56.2928433 ], [ 10.615616, 56.2928005 ], [ 10.6150559, 56.2927995 ], [ 10.6151648, 56.2926657 ], [ 10.6169404, 56.2926328 ], [ 10.6170469, 56.2926459 ], [ 10.6170491, 56.2927386 ], [ 10.6173459, 56.2928069 ] ] ] } },
{ "type": "Feature", "properties": { "gml_id": "restareas.149", "gml_id2": "restareas.fid-2a2e2400_1998da19001_7a4e", "SERVICEAREAID": 5237835.0, "SERVICEAREATYPE": "Rasteplads", "SERVICEAREANAME": "Velling Syd" }, "geometry": { "type": "Polygon", "coordinates": [ [ [ 8.3366627, 56.0830209 ], [ 8.3350287, 56.0831484 ], [ 8.3350265, 56.0831154 ], [ 8.3350223, 56.0830703 ], [ 8.335169, 56.083044 ], [ 8.3353243, 56.0829136 ], [ 8.3353876, 56.0828906 ], [ 8.3358531, 56.0828166 ], [ 8.3360012, 56.0828126 ], [ 8.3361698, 56.0828421 ], [ 8.3363534, 56.0828992 ], [ 8.3364906, 56.0829308 ], [ 8.3366332, 56.082942 ], [ 8.3366534, 56.0829879 ], [ 8.3366627, 56.0830209 ] ] ] } },
{ "type": "Feature", "properties": { "gml_id": "restareas.150", "gml_id2": "restareas.fid-2a2e2400_1998da19001_7a4f", "SERVICEAREAID": 5244758.0, "SERVICEAREATYPE": "Rasteplads", "SERVICEAREANAME": "Velling Nord" }, "geometry": { "type": "Polygon", "coordinates": [ [ [ 8.339789, 56.0829539 ], [ 8.33945, 56.0829939 ], [ 8.3391631, 56.0830627 ], [ 8.3388223, 56.0831009 ], [ 8.3387542, 56.08311 ], [ 8.3391482, 56.0835193 ], [ 8.338886, 56.083555 ], [ 8.3388296, 56.083507 ], [ 8.3387512, 56.0835226 ], [ 8.338485, 56.0831371 ], [ 8.338388, 56.0831413 ], [ 8.338264, 56.0831369 ], [ 8.3378651, 56.0830929 ], [ 8.3377188, 56.083094 ], [ 8.3376794, 56.083013 ], [ 8.3397703, 56.0828587 ], [ 8.339789, 56.0829539 ] ] ] } },
{ "type": "Feature", "properties": { "gml_id": "restareas.151", "gml_id2": "restareas.fid-2a2e2400_1998da19001_7a50", "SERVICEAREAID": 5252972.0, "SERVICEAREATYPE": "Rasteplads", "SERVICEAREANAME": "Barde" }, "geometry": { "type": "Polygon", "coordinates": [ [ [ 8.7394166, 56.1072765 ], [ 8.7393844, 56.107315 ], [ 8.7391956, 56.1072654 ], [ 8.7392494, 56.1072907 ], [ 8.7390015, 56.1072303 ], [ 8.7390541, 56.1072173 ], [ 8.7369414, 56.1067002 ], [ 8.736913, 56.1066938 ], [ 8.7369015, 56.1067174 ], [ 8.7367166, 56.1066714 ], [ 8.7367801, 56.1066606 ], [ 8.7366274, 56.1066235 ], [ 8.7366555, 56.1066001 ], [ 8.7364754, 56.1065506 ], [ 8.7364033, 56.1061897 ], [ 8.7372401, 56.1065607 ], [ 8.7392328, 56.1070836 ], [ 8.7392142, 56.1072302 ], [ 8.7394166, 56.1072765 ] ] ] } },
{ "type": "Feature", "properties": { "gml_id": "restareas.152", "gml_id2": "restareas.fid-2a2e2400_1998da19001_7a51", "SERVICEAREAID": 5230478.0, "SERVICEAREATYPE": "Rasteplads", "SERVICEAREANAME": "Lading" }, "geometry": { "type": "Polygon", "coordinates": [ [ [ 9.9950485, 56.2149744 ], [ 9.99505, 56.2150093 ], [ 9.9950972, 56.2150134 ], [ 9.9951465, 56.2150242 ], [ 9.9950496, 56.2150464 ], [ 9.9943217, 56.2152037 ], [ 9.9937007, 56.2153709 ], [ 9.9929473, 56.2156163 ], [ 9.992343, 56.2158571 ], [ 9.9922878, 56.2158113 ], [ 9.9933186, 56.2153242 ], [ 9.9935555, 56.2152391 ], [ 9.9938838, 56.2151494 ], [ 9.994252, 56.2150728 ], [ 9.9950485, 56.2149744 ] ] ] } },
{ "type": "Feature", "properties": { "gml_id": "restareas.153", "gml_id2": "restareas.fid-2a2e2400_1998da19001_7a52", "SERVICEAREAID": 5237197.0, "SERVICEAREATYPE": "Rasteplads", "SERVICEAREANAME": "Fårvang Øst" }, "geometry": { "type": "Polygon", "coordinates": [ [ [ 9.705118, 56.2809079 ], [ 9.705001, 56.2809764 ], [ 9.7044919, 56.281402 ], [ 9.7035641, 56.2819386 ], [ 9.7033214, 56.2820525 ], [ 9.7032374, 56.2820028 ], [ 9.70308, 56.2820222 ], [ 9.7027056, 56.2819968 ], [ 9.7026763, 56.2819965 ], [ 9.7026242, 56.281994 ], [ 9.7025989, 56.2820022 ], [ 9.7025375, 56.2820083 ], [ 9.7025296, 56.2820007 ], [ 9.702615, 56.2819643 ], [ 9.702828, 56.2818652 ], [ 9.7046795, 56.2810453 ], [ 9.7050512, 56.2808831 ], [ 9.7050805, 56.2808818 ], [ 9.7050984, 56.2808927 ], [ 9.705118, 56.2809079 ] ] ] } },
{ "type": "Feature", "properties": { "gml_id": "restareas.154", "gml_id2": "restareas.fid-2a2e2400_1998da19001_7a53", "SERVICEAREAID": 5239567.0, "SERVICEAREATYPE": "Rasteplads", "SERVICEAREANAME": "Tange sø Nord" }, "geometry": { "type": "Polygon", "coordinates": [ [ [ 9.5840735, 56.314097 ], [ 9.5835919, 56.3141682 ], [ 9.5833827, 56.3142836 ], [ 9.5832412, 56.3144326 ], [ 9.581855, 56.3150742 ], [ 9.5818896, 56.3150988 ], [ 9.5817842, 56.315143 ], [ 9.5817327, 56.31513 ], [ 9.5811618, 56.3153932 ], [ 9.5812067, 56.3154158 ], [ 9.5810877, 56.3154658 ], [ 9.5810565, 56.3154393 ], [ 9.5800508, 56.315908 ], [ 9.5797881, 56.3159587 ], [ 9.5796686, 56.3160232 ], [ 9.579535, 56.3160158 ], [ 9.5794262, 56.3160011 ], [ 9.5791284, 56.3161077 ], [ 9.5791068, 56.3160981 ], [ 9.5796597, 56.3158395 ], [ 9.5799091, 56.3157262 ], [ 9.5806927, 56.3153567 ], [ 9.5817256, 56.3148802 ], [ 9.5819566, 56.3147707 ], [ 9.5826702, 56.3144508 ], [ 9.5832711, 56.3141999 ], [ 9.5839507, 56.3139391 ], [ 9.5840735, 56.314097 ] ] ] } },
{ "type": "Feature", "properties": { "gml_id": "restareas.155", "gml_id2": "restareas.fid-2a2e2400_1998da19001_7a54", "SERVICEAREAID": 5230756.0, "SERVICEAREATYPE": "Rasteplads", "SERVICEAREANAME": "Tange sø Syd" }, "geometry": { "type": "Polygon", "coordinates": [ [ [ 9.5824951, 56.3144378 ], [ 9.5818162, 56.3147441 ], [ 9.5806479, 56.315287 ], [ 9.5797756, 56.3156888 ], [ 9.579469, 56.3158364 ], [ 9.579437, 56.3158161 ], [ 9.579753, 56.3156747 ], [ 9.5800185, 56.3155192 ], [ 9.5799706, 56.3154988 ], [ 9.580065, 56.3154417 ], [ 9.5800987, 56.31536 ], [ 9.5803953, 56.3151522 ], [ 9.5809786, 56.3147879 ], [ 9.5817433, 56.3144966 ], [ 9.5821121, 56.3144244 ], [ 9.5824662, 56.3143907 ], [ 9.5824951, 56.3144378 ] ] ] } },
{ "type": "Feature", "properties": { "gml_id": "restareas.156", "gml_id2": "restareas.fid-2a2e2400_1998da19001_7a55", "SERVICEAREAID": 5240107.0, "SERVICEAREATYPE": "Rasteplads", "SERVICEAREANAME": "Rønninge Nord" }, "geometry": { "type": "Polygon", "coordinates": [ [ [ 10.599143, 55.3503715 ], [ 10.5989454, 55.3504719 ], [ 10.5988439, 55.3504808 ], [ 10.5985693, 55.3505015 ], [ 10.598088, 55.3504441 ], [ 10.597714, 55.3504433 ], [ 10.5972978, 55.3504706 ], [ 10.5969074, 55.350392 ], [ 10.5963938, 55.3501962 ], [ 10.5961194, 55.3501379 ], [ 10.5957113, 55.3500757 ], [ 10.5952639, 55.350032 ], [ 10.5950854, 55.3499934 ], [ 10.5941397, 55.3497195 ], [ 10.5921289, 55.3497333 ], [ 10.5921169, 55.3496422 ], [ 10.5929691, 55.3496249 ], [ 10.5939274, 55.3496091 ], [ 10.5946156, 55.349601 ], [ 10.5950842, 55.3496106 ], [ 10.5952726, 55.3496262 ], [ 10.5953656, 55.3496355 ], [ 10.5954047, 55.3496408 ], [ 10.5954634, 55.3494418 ], [ 10.598323, 55.349275 ], [ 10.598888, 55.3492313 ], [ 10.5997556, 55.3491639 ], [ 10.6003115, 55.3491034 ], [ 10.6004161, 55.3490901 ], [ 10.6003821, 55.3490972 ], [ 10.6002986, 55.3491159 ], [ 10.6001722, 55.349147 ], [ 10.6000583, 55.3491794 ], [ 10.5999618, 55.3492083 ], [ 10.5998952, 55.3492315 ], [ 10.5998074, 55.3492683 ], [ 10.5997066, 55.3493143 ], [ 10.5996168, 55.3493659 ], [ 10.5995321, 55.349416 ], [ 10.5994376, 55.3494748 ], [ 10.5993952, 55.3494986 ], [ 10.5993477, 55.3495207 ], [ 10.5993099, 55.3495359 ], [ 10.5992704, 55.3495507 ], [ 10.5992325, 55.3495621 ], [ 10.5991978, 55.3495707 ], [ 10.5991498, 55.3495813 ], [ 10.5991216, 55.349585 ], [ 10.5990967, 55.3495891 ], [ 10.5990402, 55.3495951 ], [ 10.5989753, 55.3495988 ], [ 10.5989905, 55.3496861 ], [ 10.5990629, 55.3496813 ], [ 10.5991385, 55.3496732 ], [ 10.5992065, 55.3496633 ], [ 10.5992438, 55.3496552 ], [ 10.5992751, 55.3496462 ], [ 10.5993155, 55.3496343 ], [ 10.5993559, 55.3496214 ], [ 10.5993987, 55.3496051 ], [ 10.5994561, 55.349582 ], [ 10.5995134, 55.3495537 ], [ 10.5995591, 55.3495269 ], [ 10.5996201, 55.349489 ], [ 10.5997024, 55.349438 ], [ 10.5998266, 55.3493717 ], [ 10.5998904, 55.34934 ], [ 10.5999462, 55.3493164 ], [ 10.5999889, 55.3493011 ], [ 10.6000622, 55.3492769 ], [ 10.6001381, 55.349254 ], [ 10.6002495, 55.3492231 ], [ 10.6003685, 55.3491944 ], [ 10.600486, 55.3491686 ], [ 10.600621, 55.349144 ], [ 10.6008532, 55.3491072 ], [ 10.600932, 55.3490948 ], [ 10.6010059, 55.349353 ], [ 10.599143, 55.3503715 ] ] ] } },
{ "type": "Feature", "properties": { "gml_id": "restareas.157", "gml_id2": "restareas.fid-2a2e2400_1998da19001_7a56", "SERVICEAREAID": 5233250.0, "SERVICEAREATYPE": "Rasteplads", "SERVICEAREANAME": "Rønninge Syd" }, "geometry": { "type": "Polygon", "coordinates": [ [ [ 10.5957164, 55.3491503 ], [ 10.5923777, 55.3493167 ], [ 10.5915496, 55.3493567 ], [ 10.5907275, 55.3494023 ], [ 10.590821, 55.349389 ], [ 10.5910093, 55.3493538 ], [ 10.5910918, 55.3493369 ], [ 10.5912059, 55.3493117 ], [ 10.5913092, 55.3492861 ], [ 10.591444, 55.349243 ], [ 10.5915539, 55.3491953 ], [ 10.5918454, 55.349038 ], [ 10.5919388, 55.348994 ], [ 10.5920608, 55.3489562 ], [ 10.5921726, 55.3489358 ], [ 10.5922493, 55.3489276 ], [ 10.5922824, 55.3489277 ], [ 10.5922708, 55.3488423 ], [ 10.5922366, 55.3488449 ], [ 10.5921153, 55.3488587 ], [ 10.5920383, 55.3488731 ], [ 10.5919643, 55.3488918 ], [ 10.5919023, 55.3489111 ], [ 10.5918536, 55.3489284 ], [ 10.5917645, 55.3489692 ], [ 10.5916321, 55.3490362 ], [ 10.5915632, 55.3490736 ], [ 10.5914464, 55.3491315 ], [ 10.5913745, 55.3491616 ], [ 10.5913216, 55.3491813 ], [ 10.5912245, 55.3492131 ], [ 10.5911197, 55.3492413 ], [ 10.5910141, 55.3492647 ], [ 10.5908989, 55.3492878 ], [ 10.5907899, 55.3493056 ], [ 10.590712, 55.3493187 ], [ 10.5906428, 55.3493286 ], [ 10.590529, 55.3493425 ], [ 10.5902126, 55.3493764 ], [ 10.5902058, 55.3493319 ], [ 10.5908563, 55.3492782 ], [ 10.5911956, 55.3492058 ], [ 10.5914309, 55.3491214 ], [ 10.5913626, 55.3491047 ], [ 10.5917805, 55.3488503 ], [ 10.5922613, 55.3485528 ], [ 10.5923848, 55.3484771 ], [ 10.5941228, 55.3484114 ], [ 10.594453, 55.3486352 ], [ 10.5945243, 55.3486623 ], [ 10.5947608, 55.3486663 ], [ 10.5949931, 55.3486893 ], [ 10.5953211, 55.3487554 ], [ 10.5958071, 55.3488888 ], [ 10.59596, 55.3489339 ], [ 10.5964632, 55.3489768 ], [ 10.597206, 55.3489566 ], [ 10.5975294, 55.3489472 ], [ 10.5989036, 55.3488564 ], [ 10.5989046, 55.3488831 ], [ 10.5988304, 55.348889 ], [ 10.5985068, 55.3489108 ], [ 10.5980268, 55.3489392 ], [ 10.5977216, 55.3489548 ], [ 10.5970483, 55.3489894 ], [ 10.5965797, 55.3490041 ], [ 10.5963236, 55.3490023 ], [ 10.5962508, 55.3489985 ], [ 10.5961245, 55.3489887 ], [ 10.5960537, 55.3489818 ], [ 10.5959861, 55.3489742 ], [ 10.595922, 55.3489659 ], [ 10.5958581, 55.3489568 ], [ 10.5957927, 55.3489466 ], [ 10.5957164, 55.3491503 ] ] ] } },
{ "type": "Feature", "properties": { "gml_id": "restareas.175", "gml_id2": "restareas.fid-2a2e2400_1998da19001_7a68", "SERVICEAREAID": 5232582.0, "SERVICEAREATYPE": "Samkørselsplads", "SERVICEAREANAME": "Samkørsel Rønde" }, "geometry": { "type": "Polygon", "coordinates": [ [ [ 10.4314781, 56.3147595 ], [ 10.4311128, 56.3148512 ], [ 10.4310818, 56.3148413 ], [ 10.430836, 56.3146086 ], [ 10.4308166, 56.3146154 ], [ 10.4307452, 56.3145583 ], [ 10.4307729, 56.3145442 ], [ 10.4307023, 56.3144707 ], [ 10.4307992, 56.3144012 ], [ 10.430715, 56.3143127 ], [ 10.430694, 56.3143203 ], [ 10.4306589, 56.314294 ], [ 10.4307206, 56.314272 ], [ 10.4306566, 56.3142619 ], [ 10.4309402, 56.3141555 ], [ 10.4309545, 56.3141612 ], [ 10.430959, 56.314179 ], [ 10.4309444, 56.3142127 ], [ 10.4314781, 56.3147595 ] ] ] } },
{ "type": "Feature", "properties": { "gml_id": "restareas.158", "gml_id2": "restareas.fid-2a2e2400_1998da19001_7a57", "SERVICEAREAID": 5258752.0, "SERVICEAREATYPE": "Rasteanlæg", "SERVICEAREANAME": "Kildebjerg Nord" }, "geometry": { "type": "Polygon", "coordinates": [ [ [ 10.1925001, 55.3941846 ], [ 10.1923181, 55.3945507 ], [ 10.1927056, 55.3946119 ], [ 10.1928103, 55.3947176 ], [ 10.1931912, 55.3952024 ], [ 10.1930656, 55.3956927 ], [ 10.1932408, 55.3960667 ], [ 10.1931841, 55.3962989 ], [ 10.1923997, 55.3961086 ], [ 10.1910586, 55.3958107 ], [ 10.1908159, 55.3960655 ], [ 10.1902856, 55.3967555 ], [ 10.189443, 55.3965095 ], [ 10.188982, 55.3963586 ], [ 10.1880478, 55.3961014 ], [ 10.1869768, 55.3957634 ], [ 10.1864129, 55.3956333 ], [ 10.1862289, 55.395403 ], [ 10.1864697, 55.3953541 ], [ 10.1863652, 55.3951652 ], [ 10.1867084, 55.3950765 ], [ 10.1878499, 55.3947757 ], [ 10.1883716, 55.3946346 ], [ 10.1887145, 55.3945418 ], [ 10.1889118, 55.3944878 ], [ 10.1895812, 55.3943045 ], [ 10.1900952, 55.3941616 ], [ 10.1904792, 55.3940542 ], [ 10.1911758, 55.3938582 ], [ 10.1920019, 55.3936225 ], [ 10.1925001, 55.3941846 ] ] ] } },
{ "type": "Feature", "properties": { "gml_id": "restareas.159", "gml_id2": "restareas.fid-2a2e2400_1998da19001_7a58", "SERVICEAREAID": 5249044.0, "SERVICEAREATYPE": "Rasteanlæg", "SERVICEAREANAME": "Kildebjerg Syd" }, "geometry": { "type": "Polygon", "coordinates": [ [ [ 10.1858047, 55.3949368 ], [ 10.1844464, 55.3943482 ], [ 10.1846218, 55.3940688 ], [ 10.1847872, 55.3938456 ], [ 10.1851232, 55.3935133 ], [ 10.1870244, 55.392501 ], [ 10.1877359, 55.3923829 ], [ 10.188164, 55.3923388 ], [ 10.1879599, 55.3918852 ], [ 10.1890936, 55.3920806 ], [ 10.1911586, 55.3925239 ], [ 10.1911753, 55.3931909 ], [ 10.1909668, 55.3932029 ], [ 10.190945, 55.3932007 ], [ 10.1909324, 55.3935539 ], [ 10.1891279, 55.3940564 ], [ 10.1880871, 55.3943423 ], [ 10.1858047, 55.3949368 ] ] ] } },
{ "type": "Feature", "properties": { "gml_id": "restareas.160", "gml_id2": "restareas.fid-2a2e2400_1998da19001_7a59", "SERVICEAREAID": 5252082.0, "SERVICEAREATYPE": "Rasteanlæg", "SERVICEAREANAME": "Lillebælt Nord" }, "geometry": { "type": "Polygon", "coordinates": [ [ [ 9.8416238, 55.4884491 ], [ 9.8415587, 55.4883278 ], [ 9.8425204, 55.4881407 ], [ 9.8458708, 55.4874578 ], [ 9.8459116, 55.4875243 ], [ 9.8459532, 55.487591 ], [ 9.8460577, 55.4876731 ], [ 9.8459549, 55.4877252 ], [ 9.8458831, 55.4878132 ], [ 9.8458002, 55.4878518 ], [ 9.8456299, 55.4878758 ], [ 9.8455204, 55.487926 ], [ 9.8454382, 55.487995 ], [ 9.845344, 55.4881326 ], [ 9.8453156, 55.4882146 ], [ 9.8452969, 55.4882794 ], [ 9.8452956, 55.4883745 ], [ 9.8452291, 55.4885575 ], [ 9.8449229, 55.4888031 ], [ 9.8448404, 55.4888626 ], [ 9.8446708, 55.4890768 ], [ 9.8446612, 55.4892519 ], [ 9.8439699, 55.4891142 ], [ 9.8424828, 55.4888223 ], [ 9.8414416, 55.4886026 ], [ 9.8416238, 55.4884491 ] ] ] } },
{ "type": "Feature", "properties": { "gml_id": "restareas.161", "gml_id2": "restareas.fid-2a2e2400_1998da19001_7a5a", "SERVICEAREAID": 5227572.0, "SERVICEAREATYPE": "Rasteplads", "SERVICEAREANAME": "Cykelrasteplads" }, "geometry": { "type": "Polygon", "coordinates": [ [ [ 9.395309, 56.4784089 ], [ 9.395367, 56.478384 ], [ 9.395422, 56.4783641 ], [ 9.3954808, 56.4783472 ], [ 9.3955424, 56.4783336 ], [ 9.3956062, 56.4783234 ], [ 9.3956715, 56.4783167 ], [ 9.395738, 56.4783135 ], [ 9.3957947, 56.4783137 ], [ 9.395861, 56.4783173 ], [ 9.3959262, 56.4783244 ], [ 9.3959898, 56.478335 ], [ 9.3960509, 56.478349 ], [ 9.3961095, 56.4783663 ], [ 9.3961648, 56.4783867 ], [ 9.3962181, 56.4784109 ], [ 9.3962193, 56.4784115 ], [ 9.3962666, 56.4784372 ], [ 9.3963161, 56.4784701 ], [ 9.3963519, 56.4785003 ], [ 9.3963823, 56.4785327 ], [ 9.396407, 56.4785667 ], [ 9.3964256, 56.4786019 ], [ 9.3964378, 56.4786379 ], [ 9.3964436, 56.4786747 ], [ 9.3964438, 56.4787006 ], [ 9.3964383, 56.4787374 ], [ 9.3964265, 56.4787735 ], [ 9.3964084, 56.4788087 ], [ 9.396384, 56.4788427 ], [ 9.3963538, 56.4788753 ], [ 9.3963179, 56.4789061 ], [ 9.3962768, 56.4789348 ], [ 9.3962307, 56.4789611 ], [ 9.3961802, 56.4789848 ], [ 9.3961259, 56.4790057 ], [ 9.396068, 56.4790234 ], [ 9.3960062, 56.4790382 ], [ 9.3959778, 56.4790438 ], [ 9.3959223, 56.4790537 ], [ 9.3958497, 56.4790601 ], [ 9.3957827, 56.479063 ], [ 9.3957166, 56.4790623 ], [ 9.3956507, 56.479058 ], [ 9.395586, 56.4790501 ], [ 9.395523, 56.4790388 ], [ 9.3954623, 56.4790241 ], [ 9.3954027, 56.4790056 ], [ 9.3953957, 56.4790032 ], [ 9.3953408, 56.4789812 ], [ 9.3952912, 56.4789569 ], [ 9.395246, 56.4789299 ], [ 9.3952059, 56.4789008 ], [ 9.3951709, 56.4788692 ], [ 9.395152, 56.4788487 ], [ 9.3951061, 56.4787762 ], [ 9.3950939, 56.4787411 ], [ 9.3950878, 56.4787042 ], [ 9.3950883, 56.478666 ], [ 9.3950884, 56.4786649 ], [ 9.3950961, 56.4786272 ], [ 9.3951102, 56.478591 ], [ 9.3951305, 56.4785557 ], [ 9.395157, 56.4785217 ], [ 9.3951894, 56.4784893 ], [ 9.3952275, 56.4784587 ], [ 9.3952676, 56.4784323 ], [ 9.395309, 56.4784089 ] ] ] } },
{ "type": "Feature", "properties": { "gml_id": "restareas.162", "gml_id2": "restareas.fid-2a2e2400_1998da19001_7a5b", "SERVICEAREAID": 5245441.0, "SERVICEAREATYPE": "Rasteplads", "SERVICEAREANAME": "Loldrup" }, "geometry": { "type": "Polygon", "coordinates": [ [ [ 9.4225171, 56.4855756 ], [ 9.4224123, 56.4855916 ], [ 9.4223821, 56.4855066 ], [ 9.4223674, 56.4854967 ], [ 9.4221667, 56.4855268 ], [ 9.421939, 56.4850598 ], [ 9.4221249, 56.4850159 ], [ 9.4220724, 56.4849253 ], [ 9.4222016, 56.4849072 ], [ 9.4222582, 56.4850193 ], [ 9.4225171, 56.4855756 ] ] ] } },
{ "type": "Feature", "properties": { "gml_id": "restareas.163", "gml_id2": "restareas.fid-2a2e2400_1998da19001_7a5c", "SERVICEAREAID": 5240327.0, "SERVICEAREATYPE": "Rasteplads", "SERVICEAREANAME": "Toogaarddal" }, "geometry": { "type": "Polygon", "coordinates": [ [ [ 9.4273217, 56.4928871 ], [ 9.4272595, 56.4928274 ], [ 9.4273067, 56.4928127 ], [ 9.4273982, 56.4929019 ], [ 9.4275152, 56.4929525 ], [ 9.4276921, 56.4929013 ], [ 9.4293017, 56.494619 ], [ 9.4291462, 56.4946679 ], [ 9.4289937, 56.4944985 ], [ 9.4290021, 56.4944852 ], [ 9.4289117, 56.4943923 ], [ 9.4286943, 56.4941711 ], [ 9.4284214, 56.4938987 ], [ 9.4283956, 56.4938954 ], [ 9.4283845, 56.4939045 ], [ 9.4282307, 56.4937515 ], [ 9.428247, 56.4937481 ], [ 9.4282312, 56.4937215 ], [ 9.4281652, 56.4936609 ], [ 9.4280929, 56.4935789 ], [ 9.4280034, 56.4934875 ], [ 9.4278227, 56.4933174 ], [ 9.4276125, 56.4931171 ], [ 9.4275302, 56.4930641 ], [ 9.4273217, 56.4928871 ] ] ] } },
{ "type": "Feature", "properties": { "gml_id": "restareas.164", "gml_id2": "restareas.fid-2a2e2400_1998da19001_7a5d", "SERVICEAREAID": 5250483.0, "SERVICEAREATYPE": "Rasteplads", "SERVICEAREANAME": "Løvel" }, "geometry": { "type": "Polygon", "coordinates": [ [ [ 9.4622676, 56.5333968 ], [ 9.4622044, 56.5335302 ], [ 9.4622317, 56.5336101 ], [ 9.4620612, 56.5336253 ], [ 9.4619009, 56.5330713 ], [ 9.4617731, 56.5325123 ], [ 9.4618143, 56.5325073 ], [ 9.4618709, 56.5326192 ], [ 9.4620786, 56.5327551 ], [ 9.4622394, 56.5331457 ], [ 9.4622676, 56.5333968 ] ] ] } },
{ "type": "Feature", "properties": { "gml_id": "restareas.165", "gml_id2": "restareas.fid-2a2e2400_1998da19001_7a5e", "SERVICEAREAID": 5232775.0, "SERVICEAREATYPE": "Rasteplads", "SERVICEAREANAME": "Aastrup Syd" }, "geometry": { "type": "Polygon", "coordinates": [ [ [ 9.481238, 56.5527656 ], [ 9.4813559, 56.5529532 ], [ 9.4813739, 56.5529795 ], [ 9.4815696, 56.5532756 ], [ 9.481621, 56.5533572 ], [ 9.4816717, 56.5534309 ], [ 9.4817376, 56.5535391 ], [ 9.4817075, 56.5535425 ], [ 9.4816305, 56.5534382 ], [ 9.4815473, 56.5534487 ], [ 9.4815121, 56.5534536 ], [ 9.481471, 56.5534525 ], [ 9.4813292, 56.5534448 ], [ 9.4809175, 56.5528494 ], [ 9.4812031, 56.5527258 ], [ 9.4812349, 56.5527889 ], [ 9.481238, 56.5527656 ] ] ] } },
{ "type": "Feature", "properties": { "gml_id": "restareas.166", "gml_id2": "restareas.fid-2a2e2400_1998da19001_7a5f", "SERVICEAREAID": 5256125.0, "SERVICEAREATYPE": "Rasteplads", "SERVICEAREANAME": "Bjerregrav" }, "geometry": { "type": "Polygon", "coordinates": [ [ [ 9.499534, 56.5886941 ], [ 9.4994196, 56.5886974 ], [ 9.4989929, 56.5886356 ], [ 9.4993532, 56.5877026 ], [ 9.4994708, 56.5877005 ], [ 9.499478, 56.5877844 ], [ 9.4994959, 56.5877648 ], [ 9.4995129, 56.5877693 ], [ 9.4995663, 56.5885332 ], [ 9.4995465, 56.5885357 ], [ 9.4995392, 56.5885034 ], [ 9.4995227, 56.5884954 ], [ 9.499534, 56.5886941 ] ] ] } },
{ "type": "Feature", "properties": { "gml_id": "restareas.167", "gml_id2": "restareas.fid-2a2e2400_1998da19001_7a60", "SERVICEAREAID": 5227860.0, "SERVICEAREATYPE": "Holdeplads", "SERVICEAREANAME": "Aastrup Nord" }, "geometry": { "type": "Polygon", "coordinates": [ [ [ 9.5187344, 56.6393696 ], [ 9.5187155, 56.6393739 ], [ 9.5186839, 56.639337 ], [ 9.5184046, 56.6393548 ], [ 9.5181382, 56.6388981 ], [ 9.5180421, 56.6387146 ], [ 9.5179445, 56.6384976 ], [ 9.5178128, 56.638056 ], [ 9.5185111, 56.6380005 ], [ 9.5185187, 56.6380513 ], [ 9.5185281, 56.6381036 ], [ 9.5185429, 56.6381743 ], [ 9.5186049, 56.6385458 ], [ 9.5186616, 56.638904 ], [ 9.5187058, 56.6391753 ], [ 9.518709, 56.6392157 ], [ 9.5187344, 56.6393696 ] ] ] } },
{ "type": "Feature", "properties": { "gml_id": "restareas.168", "gml_id2": "restareas.fid-2a2e2400_1998da19001_7a61", "SERVICEAREAID": 5236854.0, "SERVICEAREATYPE": "Holdeplads", "SERVICEAREANAME": "Ørnhøj" }, "geometry": { "type": "Polygon", "coordinates": [ [ [ 9.5338941, 56.7204264 ], [ 9.5337728, 56.7204678 ], [ 9.5337214, 56.7204685 ], [ 9.5336447, 56.7205182 ], [ 9.5336692, 56.7197984 ], [ 9.5337051, 56.7197988 ], [ 9.5337, 56.7199384 ], [ 9.5338267, 56.720034 ], [ 9.5338788, 56.7200215 ], [ 9.5338941, 56.7204264 ] ] ] } },
{ "type": "Feature", "properties": { "gml_id": "restareas.169", "gml_id2": "restareas.fid-2a2e2400_1998da19001_7a62", "SERVICEAREAID": 5259797.0, "SERVICEAREATYPE": "Rasteplads", "SERVICEAREANAME": "Skatskov Vest" }, "geometry": { "type": "Polygon", "coordinates": [ [ [ 9.5338876, 56.7354874 ], [ 9.5337511, 56.7354952 ], [ 9.5329028, 56.7354238 ], [ 9.5329093, 56.735372 ], [ 9.5328889, 56.7353783 ], [ 9.5328801, 56.7353656 ], [ 9.5329053, 56.734832 ], [ 9.5328523, 56.7347891 ], [ 9.5329054, 56.7343102 ], [ 9.5329485, 56.7333225 ], [ 9.5332327, 56.7333013 ], [ 9.5332737, 56.7335102 ], [ 9.5332563, 56.7335065 ], [ 9.5332409, 56.7335161 ], [ 9.5332098, 56.7335172 ], [ 9.5332351, 56.7336007 ], [ 9.5335002, 56.7344475 ], [ 9.5338876, 56.7354874 ] ] ] } },
{ "type": "Feature", "properties": { "gml_id": "restareas.170", "gml_id2": "restareas.fid-2a2e2400_1998da19001_7a63", "SERVICEAREAID": 5242699.0, "SERVICEAREATYPE": "Rasteplads", "SERVICEAREANAME": "St. Binderup Øst" }, "geometry": { "type": "Polygon", "coordinates": [ [ [ 9.5566937, 56.7609413 ], [ 9.5566501, 56.7609336 ], [ 9.5566277, 56.7609437 ], [ 9.5564441, 56.7608037 ], [ 9.5564467, 56.7607693 ], [ 9.5556661, 56.760167 ], [ 9.5556151, 56.7601781 ], [ 9.555452, 56.7600432 ], [ 9.5554907, 56.760029 ], [ 9.5553041, 56.7598806 ], [ 9.5553485, 56.7598637 ], [ 9.5565559, 56.7598184 ], [ 9.5566342, 56.7606568 ], [ 9.5566937, 56.7609413 ] ] ] } },
{ "type": "Feature", "properties": { "gml_id": "restareas.171", "gml_id2": "restareas.fid-2a2e2400_1998da19001_7a64", "SERVICEAREAID": 5240778.0, "SERVICEAREATYPE": "Rasteplads", "SERVICEAREANAME": "St. Binderup Vest" }, "geometry": { "type": "Polygon", "coordinates": [ [ [ 9.5676704, 56.7717754 ], [ 9.5675923, 56.7717859 ], [ 9.5674257, 56.7717956 ], [ 9.5673982, 56.7718066 ], [ 9.567322, 56.7718616 ], [ 9.5672468, 56.7718328 ], [ 9.5666779, 56.7716374 ], [ 9.566245, 56.7714444 ], [ 9.566042, 56.771331 ], [ 9.5656767, 56.770995 ], [ 9.5653569, 56.7706141 ], [ 9.5655331, 56.7705423 ], [ 9.5655543, 56.7704935 ], [ 9.5655209, 56.7704589 ], [ 9.5655381, 56.7704536 ], [ 9.5656976, 56.7705822 ], [ 9.5656612, 56.770595 ], [ 9.5663264, 56.771059 ], [ 9.5674252, 56.7717048 ], [ 9.5674397, 56.7716862 ], [ 9.5674672, 56.7716761 ], [ 9.5676704, 56.7717754 ] ] ] } },
{ "type": "Feature", "properties": { "gml_id": "restareas.172", "gml_id2": "restareas.fid-2a2e2400_1998da19001_7a65", "SERVICEAREAID": 5241582.0, "SERVICEAREATYPE": "Samkørselsplads", "SERVICEAREANAME": "Samkørsel Feldballe" }, "geometry": { "type": "Polygon", "coordinates": [ [ [ 10.5711629, 56.294472 ], [ 10.5710582, 56.294552 ], [ 10.5709248, 56.2945757 ], [ 10.570881, 56.2945674 ], [ 10.5707407, 56.2943458 ], [ 10.5707476, 56.2943049 ], [ 10.5707862, 56.2942842 ], [ 10.5707742, 56.2942544 ], [ 10.5708134, 56.2942395 ], [ 10.5707578, 56.294227 ], [ 10.570884, 56.2941866 ], [ 10.5708976, 56.2942122 ], [ 10.5709446, 56.2941976 ], [ 10.5709545, 56.2942413 ], [ 10.5710761, 56.2942899 ], [ 10.5711629, 56.294472 ] ] ] } },
{ "type": "Feature", "properties": { "gml_id": "restareas.173", "gml_id2": "restareas.fid-2a2e2400_1998da19001_7a66", "SERVICEAREAID": 5232348.0, "SERVICEAREATYPE": "Rasteplads", "SERVICEAREANAME": "Ulstrup" }, "geometry": { "type": "Polygon", "coordinates": [ [ [ 10.6344614, 56.2564538 ], [ 10.6342928, 56.2566086 ], [ 10.6339492, 56.2568321 ], [ 10.6337518, 56.2569415 ], [ 10.633539, 56.257025 ], [ 10.6333244, 56.2570968 ], [ 10.6330359, 56.2571579 ], [ 10.6319689, 56.2573403 ], [ 10.6319061, 56.2572394 ], [ 10.6323888, 56.2571246 ], [ 10.6324155, 56.2571493 ], [ 10.6328046, 56.2570408 ], [ 10.6331095, 56.2569426 ], [ 10.6333501, 56.2568538 ], [ 10.6336976, 56.2567104 ], [ 10.6340032, 56.2565715 ], [ 10.6341919, 56.2564676 ], [ 10.6341679, 56.2564395 ], [ 10.6344499, 56.256283 ], [ 10.6345045, 56.2563222 ], [ 10.6345592, 56.2563624 ], [ 10.6344614, 56.2564538 ] ] ] } },
{ "type": "Feature", "properties": { "gml_id": "restareas.177", "gml_id2": "restareas.fid-2a2e2400_1998da19001_7a6a", "SERVICEAREAID": 5227993.0, "SERVICEAREATYPE": "Samkørselsplads", "SERVICEAREANAME": "Samkørsel Randers C" }, "geometry": { "type": "Polygon", "coordinates": [ [ [ 9.9801013, 56.4680997 ], [ 9.9789956, 56.4682413 ], [ 9.9790116, 56.4682875 ], [ 9.9786461, 56.4683359 ], [ 9.9786727, 56.468395 ], [ 9.9785748, 56.4684085 ], [ 9.978281, 56.4684456 ], [ 9.9782455, 56.4683507 ], [ 9.9779167, 56.4683853 ], [ 9.9778617, 56.4683757 ], [ 9.9777911, 56.4683418 ], [ 9.9776941, 56.4681206 ], [ 9.9777051, 56.4680719 ], [ 9.9777498, 56.4680439 ], [ 9.9778134, 56.4680253 ], [ 9.9783711, 56.4679372 ], [ 9.9799427, 56.4677187 ], [ 9.9801013, 56.4680997 ] ] ] } },
{ "type": "Feature", "properties": { "gml_id": "restareas.178", "gml_id2": "restareas.fid-2a2e2400_1998da19001_7a6b", "SERVICEAREAID": 5237423.0, "SERVICEAREATYPE": "Rasteplads", "SERVICEAREANAME": "Fussingø Øst" }, "geometry": { "type": "Polygon", "coordinates": [ [ [ 9.8900527, 56.4796278 ], [ 9.8890553, 56.4795755 ], [ 9.8890203, 56.479552 ], [ 9.8889879, 56.4795533 ], [ 9.8889526, 56.479613 ], [ 9.8888914, 56.4796097 ], [ 9.8875768, 56.4796057 ], [ 9.8875783, 56.4795953 ], [ 9.8879203, 56.4795681 ], [ 9.8879331, 56.4795207 ], [ 9.8880191, 56.4793794 ], [ 9.8883069, 56.4794066 ], [ 9.889087, 56.4794828 ], [ 9.8893262, 56.4794972 ], [ 9.8895939, 56.4795314 ], [ 9.8897954, 56.4795535 ], [ 9.8899681, 56.4795927 ], [ 9.8900527, 56.4796278 ] ] ] } },
{ "type": "Feature", "properties": { "gml_id": "restareas.179", "gml_id2": "restareas.fid-2a2e2400_1998da19001_7a6c", "SERVICEAREAID": 5243722.0, "SERVICEAREATYPE": "Rasteplads", "SERVICEAREANAME": "Fussingø Vest" }, "geometry": { "type": "Polygon", "coordinates": [ [ [ 9.8847486, 56.4798511 ], [ 9.8847356, 56.4799192 ], [ 9.8846846, 56.4802038 ], [ 9.8846605, 56.4803861 ], [ 9.8842845, 56.4803913 ], [ 9.8837623, 56.4804331 ], [ 9.8832766, 56.480447 ], [ 9.8824478, 56.4805249 ], [ 9.881713, 56.4805745 ], [ 9.8816896, 56.4805327 ], [ 9.8815905, 56.4805178 ], [ 9.881466, 56.4804868 ], [ 9.8814215, 56.4804581 ], [ 9.8817163, 56.4803861 ], [ 9.8817706, 56.4804314 ], [ 9.8820147, 56.4803612 ], [ 9.8828876, 56.4801791 ], [ 9.8836636, 56.48004 ], [ 9.8844299, 56.4799247 ], [ 9.884436, 56.4798947 ], [ 9.8847486, 56.4798511 ] ] ] } },
{ "type": "Feature", "properties": { "gml_id": "restareas.180", "gml_id2": "restareas.fid-2a2e2400_1998da19001_7a6d", "SERVICEAREAID": 5257660.0, "SERVICEAREATYPE": "Rasteplads", "SERVICEAREANAME": "Kokholm" }, "geometry": { "type": "Polygon", "coordinates": [ [ [ 9.4605577, 56.4699736 ], [ 9.4609747, 56.4698682 ], [ 9.4609953, 56.4698928 ], [ 9.4621878, 56.4696182 ], [ 9.4621738, 56.4695908 ], [ 9.4626353, 56.4694839 ], [ 9.4626733, 56.4695393 ], [ 9.4626775, 56.4702684 ], [ 9.4606553, 56.4707462 ], [ 9.4606458, 56.470015 ], [ 9.4605577, 56.4699736 ] ] ] } },
{ "type": "Feature", "properties": { "gml_id": "restareas.181", "gml_id2": "restareas.fid-2a2e2400_1998da19001_7a6e", "SERVICEAREAID": 5243278.0, "SERVICEAREATYPE": "Rasteplads", "SERVICEAREANAME": "Midtpunkt Syd" }, "geometry": { "type": "Polygon", "coordinates": [ [ [ 9.2507279, 56.4373167 ], [ 9.2505245, 56.4373076 ], [ 9.2500953, 56.4372866 ], [ 9.2485107, 56.4372147 ], [ 9.2485612, 56.4371998 ], [ 9.2486951, 56.4371995 ], [ 9.2487233, 56.4371842 ], [ 9.2490518, 56.4371513 ], [ 9.2496303, 56.4371753 ], [ 9.24994, 56.4372266 ], [ 9.2499794, 56.4371565 ], [ 9.2501378, 56.4371049 ], [ 9.2502913, 56.4370837 ], [ 9.250347, 56.437075 ], [ 9.2504509, 56.4370862 ], [ 9.2505437, 56.4370993 ], [ 9.2506314, 56.4371267 ], [ 9.250659, 56.4371514 ], [ 9.2506837, 56.4372416 ], [ 9.2506907, 56.4372654 ], [ 9.2507279, 56.4373167 ] ] ] } },
{ "type": "Feature", "properties": { "gml_id": "restareas.182", "gml_id2": "restareas.fid-2a2e2400_1998da19001_7a6f", "SERVICEAREAID": 5251674.0, "SERVICEAREATYPE": "Rasteplads", "SERVICEAREANAME": "Røverdalen" }, "geometry": { "type": "Polygon", "coordinates": [ [ [ 9.0422956, 56.4200627 ], [ 9.0421585, 56.4202034 ], [ 9.0421431, 56.4202262 ], [ 9.0420298, 56.4201997 ], [ 9.0418016, 56.4201408 ], [ 9.0418205, 56.4201351 ], [ 9.0414155, 56.420023 ], [ 9.0408286, 56.4198616 ], [ 9.0402555, 56.4196982 ], [ 9.0394816, 56.4194693 ], [ 9.0391641, 56.4193715 ], [ 9.0387146, 56.4192404 ], [ 9.0382667, 56.4191084 ], [ 9.0382701, 56.4191208 ], [ 9.0379698, 56.4190229 ], [ 9.037509, 56.4188767 ], [ 9.0376145, 56.4187784 ], [ 9.0376729, 56.4187948 ], [ 9.0379008, 56.4188859 ], [ 9.0383625, 56.4190297 ], [ 9.0389527, 56.419176 ], [ 9.0397008, 56.4193317 ], [ 9.0405862, 56.4195445 ], [ 9.0408339, 56.4196227 ], [ 9.0413086, 56.4197264 ], [ 9.0415336, 56.4197948 ], [ 9.0415165, 56.4198043 ], [ 9.04187, 56.4199145 ], [ 9.0422956, 56.4200627 ] ] ] } },
{ "type": "Feature", "properties": { "gml_id": "restareas.183", "gml_id2": "restareas.fid-2a2e2400_1998da19001_7a70", "SERVICEAREAID": 5253888.0, "SERVICEAREATYPE": "Rasteplads", "SERVICEAREANAME": "Tinkerdal" }, "geometry": { "type": "Polygon", "coordinates": [ [ [ 8.8396596, 56.3936697 ], [ 8.8392672, 56.3936388 ], [ 8.8392905, 56.3936152 ], [ 8.8386752, 56.3935587 ], [ 8.8387008, 56.3935868 ], [ 8.8382981, 56.3935511 ], [ 8.8383008, 56.3935378 ], [ 8.838414, 56.3935118 ], [ 8.8386702, 56.3933243 ], [ 8.8388247, 56.3932917 ], [ 8.8390475, 56.3932977 ], [ 8.8391587, 56.3931443 ], [ 8.839403, 56.393147 ], [ 8.8394415, 56.3931546 ], [ 8.8394229, 56.393311 ], [ 8.8395101, 56.3933611 ], [ 8.8395518, 56.3934343 ], [ 8.8395721, 56.3934838 ], [ 8.8395896, 56.3935998 ], [ 8.8396742, 56.3936608 ], [ 8.8396596, 56.3936697 ] ] ] } },
{ "type": "Feature", "properties": { "gml_id": "restareas.184", "gml_id2": "restareas.fid-2a2e2400_1998da19001_7a71", "SERVICEAREAID": 5253142.0, "SERVICEAREATYPE": "Rasteplads", "SERVICEAREANAME": "Groven" }, "geometry": { "type": "Polygon", "coordinates": [ [ [ 10.5014976, 55.2186212 ], [ 10.5008738, 55.2203142 ], [ 10.5006646, 55.2208807 ], [ 10.5004473, 55.2214037 ], [ 10.4991862, 55.2214247 ], [ 10.4991627, 55.2212654 ], [ 10.4991246, 55.2209596 ], [ 10.4990793, 55.2207281 ], [ 10.4991574, 55.2203277 ], [ 10.4992389, 55.2200869 ], [ 10.4993459, 55.2197642 ], [ 10.4994778, 55.2194943 ], [ 10.5000632, 55.218888 ], [ 10.5004396, 55.2185051 ], [ 10.5009686, 55.2180108 ], [ 10.5013758, 55.2176335 ], [ 10.5015436, 55.217406 ], [ 10.5016031, 55.2173251 ], [ 10.5018184, 55.2173657 ], [ 10.5017183, 55.217512 ], [ 10.5016452, 55.2176027 ], [ 10.5015992, 55.2176623 ], [ 10.5015656, 55.2176984 ], [ 10.5015313, 55.2177382 ], [ 10.5014945, 55.2177777 ], [ 10.5014441, 55.2178287 ], [ 10.5012691, 55.2179983 ], [ 10.501218, 55.218055 ], [ 10.5011659, 55.2181279 ], [ 10.5011322, 55.218183 ], [ 10.5011069, 55.2182399 ], [ 10.5010457, 55.2184043 ], [ 10.500986, 55.2185653 ], [ 10.5014976, 55.2186212 ] ] ] } },
{ "type": "Feature", "properties": { "gml_id": "restareas.185", "gml_id2": "restareas.fid-2a2e2400_1998da19001_7a72", "SERVICEAREAID": 5230246.0, "SERVICEAREATYPE": "Rasteplads", "SERVICEAREANAME": "Dynden" }, "geometry": { "type": "Polygon", "coordinates": [ [ [ 10.5009319, 55.2214815 ], [ 10.5010889, 55.2211228 ], [ 10.5017811, 55.2192682 ], [ 10.5021153, 55.2183566 ], [ 10.5033818, 55.2183438 ], [ 10.5034238, 55.2184482 ], [ 10.5034914, 55.2190056 ], [ 10.5034989, 55.2192499 ], [ 10.5034663, 55.2196213 ], [ 10.5033039, 55.2200788 ], [ 10.5030782, 55.2204459 ], [ 10.5030271, 55.2205026 ], [ 10.5028152, 55.2207953 ], [ 10.5024809, 55.2211121 ], [ 10.5020829, 55.2214948 ], [ 10.5019575, 55.2216147 ], [ 10.5017095, 55.22185 ], [ 10.5009638, 55.2223713 ], [ 10.5006969, 55.222706 ], [ 10.5004768, 55.2226507 ], [ 10.5006167, 55.2224987 ], [ 10.5006969, 55.2224202 ], [ 10.500824, 55.2223055 ], [ 10.5009653, 55.2221906 ], [ 10.5010057, 55.2221592 ], [ 10.5010436, 55.2221273 ], [ 10.5010782, 55.2220974 ], [ 10.5011095, 55.2220652 ], [ 10.5011366, 55.2220349 ], [ 10.5011621, 55.2220051 ], [ 10.5011884, 55.2219729 ], [ 10.5012072, 55.2219441 ], [ 10.5012301, 55.2219101 ], [ 10.5012534, 55.221866 ], [ 10.5012951, 55.2217799 ], [ 10.5014036, 55.2215475 ], [ 10.5009319, 55.2214815 ] ] ] } },
{ "type": "Feature", "properties": { "gml_id": "restareas.186", "gml_id2": "restareas.fid-2a2e2400_1998da19001_7a73", "SERVICEAREAID": 5245235.0, "SERVICEAREATYPE": "Rasteplads", "SERVICEAREANAME": "Vind" }, "geometry": { "type": "Polygon", "coordinates": [ [ [ 8.6058959, 56.2711059 ], [ 8.6052954, 56.2718672 ], [ 8.6049802, 56.2717813 ], [ 8.6049198, 56.2717625 ], [ 8.6046829, 56.2716496 ], [ 8.6046396, 56.2716034 ], [ 8.6047108, 56.2710874 ], [ 8.6046708, 56.2710972 ], [ 8.6046886, 56.2709935 ], [ 8.6047227, 56.270995 ], [ 8.6047681, 56.2707233 ], [ 8.604847, 56.2707271 ], [ 8.6058959, 56.2711059 ] ] ] } },
{ "type": "Feature", "properties": { "gml_id": "restareas.187", "gml_id2": "restareas.fid-2a2e2400_1998da19001_7a74", "SERVICEAREAID": 5228129.0, "SERVICEAREATYPE": "Rasteplads", "SERVICEAREANAME": "Præstbjerg" }, "geometry": { "type": "Polygon", "coordinates": [ [ [ 8.5973267, 56.2214837 ], [ 8.5971895, 56.2217545 ], [ 8.5969827, 56.2217898 ], [ 8.5969796, 56.2218067 ], [ 8.5969692, 56.2218209 ], [ 8.5969597, 56.2218294 ], [ 8.5969408, 56.2218403 ], [ 8.5969177, 56.2218469 ], [ 8.5968835, 56.2218567 ], [ 8.5968587, 56.2218576 ], [ 8.5968323, 56.2218542 ], [ 8.5968076, 56.221847 ], [ 8.5967638, 56.2218287 ], [ 8.5964617, 56.2218812 ], [ 8.5963554, 56.2217423 ], [ 8.5963293, 56.221786 ], [ 8.5958913, 56.2211761 ], [ 8.5962226, 56.2211229 ], [ 8.5963531, 56.2213279 ], [ 8.5965415, 56.2213959 ], [ 8.5968694, 56.2210845 ], [ 8.5970349, 56.2211009 ], [ 8.5973267, 56.2214837 ] ] ] } },
{ "type": "Feature", "properties": { "gml_id": "restareas.188", "gml_id2": "restareas.fid-2a2e2400_1998da19001_7a75", "SERVICEAREAID": 5227433.0, "SERVICEAREATYPE": "Rasteplads", "SERVICEAREANAME": "Nybohøje Vest" }, "geometry": { "type": "Polygon", "coordinates": [ [ [ 8.6230769, 56.3426494 ], [ 8.622847, 56.3426178 ], [ 8.6228525, 56.342556 ], [ 8.622089, 56.3424716 ], [ 8.6218344, 56.3424519 ], [ 8.6217418, 56.3424871 ], [ 8.6217363, 56.3425078 ], [ 8.6214409, 56.3424884 ], [ 8.6214541, 56.3424255 ], [ 8.6216227, 56.3424354 ], [ 8.6221562, 56.3422865 ], [ 8.6224313, 56.3422936 ], [ 8.6227536, 56.3423374 ], [ 8.6228292, 56.3423625 ], [ 8.622989, 56.3425734 ], [ 8.6230769, 56.3426494 ] ] ] } },
{ "type": "Feature", "properties": { "gml_id": "restareas.189", "gml_id2": "restareas.fid-2a2e2400_1998da19001_7a76", "SERVICEAREAID": 5228840.0, "SERVICEAREATYPE": "Rasteplads", "SERVICEAREANAME": "Nybohøje Øst" }, "geometry": { "type": "Polygon", "coordinates": [ [ [ 8.6243841, 56.3430239 ], [ 8.6243799, 56.343011 ], [ 8.6245388, 56.3430457 ], [ 8.624554, 56.3430705 ], [ 8.6248554, 56.3431427 ], [ 8.624969, 56.3431692 ], [ 8.6250433, 56.3431894 ], [ 8.6255172, 56.3433149 ], [ 8.6255591, 56.3433117 ], [ 8.6257418, 56.3433664 ], [ 8.6257144, 56.3433702 ], [ 8.6258876, 56.3434287 ], [ 8.6258812, 56.3434348 ], [ 8.6250372, 56.3434138 ], [ 8.6249795, 56.3433997 ], [ 8.6245247, 56.343262 ], [ 8.6243063, 56.3430084 ], [ 8.6243841, 56.3430239 ] ] ] } },
{ "type": "Feature", "properties": { "gml_id": "restareas.190", "gml_id2": "restareas.fid-2a2e2400_1998da19001_7a77", "SERVICEAREAID": 5233005.0, "SERVICEAREATYPE": "Rasteplads", "SERVICEAREANAME": "Storå Øst" }, "geometry": { "type": "Polygon", "coordinates": [ [ [ 8.6396631, 56.3529881 ], [ 8.6396479, 56.3530367 ], [ 8.639413, 56.3531284 ], [ 8.6393945, 56.3531503 ], [ 8.639151, 56.3528321 ], [ 8.6384163, 56.3520088 ], [ 8.6385265, 56.3519796 ], [ 8.6385876, 56.3520316 ], [ 8.6388009, 56.3519737 ], [ 8.6394839, 56.3527076 ], [ 8.639629, 56.3528919 ], [ 8.6396631, 56.3529881 ] ] ] } },
{ "type": "Feature", "properties": { "gml_id": "restareas.191", "gml_id2": "restareas.fid-2a2e2400_1998da19001_7a78", "SERVICEAREAID": 5259823.0, "SERVICEAREATYPE": "Rasteplads", "SERVICEAREANAME": "Storå Vest" }, "geometry": { "type": "Polygon", "coordinates": [ [ [ 8.6387989, 56.3527754 ], [ 8.6391817, 56.353258 ], [ 8.6394944, 56.3537355 ], [ 8.6394794, 56.3537392 ], [ 8.6393659, 56.3537608 ], [ 8.6388642, 56.3537125 ], [ 8.638507, 56.3533049 ], [ 8.6384344, 56.3531936 ], [ 8.6385757, 56.3528335 ], [ 8.6387989, 56.3527754 ] ] ] } },
{ "type": "Feature", "properties": { "gml_id": "restareas.192", "gml_id2": "restareas.fid-2a2e2400_1998da19001_7a79", "SERVICEAREAID": 5253285.0, "SERVICEAREATYPE": "Rasteplads", "SERVICEAREANAME": "Bremdal" }, "geometry": { "type": "Polygon", "coordinates": [ [ [ 8.5796566, 56.5038463 ], [ 8.5794431, 56.5040028 ], [ 8.5794026, 56.5039707 ], [ 8.5791095, 56.5041649 ], [ 8.5784574, 56.5045448 ], [ 8.5785173, 56.5045662 ], [ 8.5782549, 56.5047004 ], [ 8.5782206, 56.5046781 ], [ 8.5780712, 56.5047525 ], [ 8.5774505, 56.504392 ], [ 8.5784357, 56.5041029 ], [ 8.5786355, 56.503953 ], [ 8.5787381, 56.5039025 ], [ 8.57891, 56.5038483 ], [ 8.5791084, 56.5038119 ], [ 8.5795289, 56.5038064 ], [ 8.5796566, 56.5038463 ] ] ] } },
{ "type": "Feature", "properties": { "gml_id": "restareas.209", "gml_id2": "restareas.fid-2a2e2400_1998da19001_7a8a", "SERVICEAREAID": 5249449.0, "SERVICEAREATYPE": "Rasteplads", "SERVICEAREANAME": "Nørre Søby Øst" }, "geometry": { "type": "Polygon", "coordinates": [ [ [ 9.1268827, 56.5474913 ], [ 9.1266594, 56.5476498 ], [ 9.1266233, 56.5476365 ], [ 9.1266121, 56.5476365 ], [ 9.1265914, 56.5476422 ], [ 9.1264901, 56.5477132 ], [ 9.1263596, 56.5478017 ], [ 9.1261054, 56.547976 ], [ 9.1259526, 56.5480855 ], [ 9.1259483, 56.5480936 ], [ 9.1259957, 56.5481173 ], [ 9.1257776, 56.5482687 ], [ 9.1257767, 56.5482435 ], [ 9.1257603, 56.5482373 ], [ 9.1257014, 56.5482826 ], [ 9.1256579, 56.5481991 ], [ 9.1257314, 56.548 ], [ 9.1257703, 56.5479603 ], [ 9.1263052, 56.547638 ], [ 9.1267298, 56.5474892 ], [ 9.1267808, 56.5475019 ], [ 9.1268293, 56.547498 ], [ 9.1268251, 56.5475056 ], [ 9.1268827, 56.5474913 ] ] ] } },
{ "type": "Feature", "properties": { "gml_id": "restareas.193", "gml_id2": "restareas.fid-2a2e2400_1998da19001_7a7a", "SERVICEAREAID": 5233907.0, "SERVICEAREATYPE": "Rasteplads", "SERVICEAREANAME": "Nordentoft" }, "geometry": { "type": "Polygon", "coordinates": [ [ [ 8.638554, 56.9335068 ], [ 8.6387197, 56.9338077 ], [ 8.6385925, 56.9338349 ], [ 8.6385055, 56.9338461 ], [ 8.6383404, 56.9336497 ], [ 8.6383561, 56.9336441 ], [ 8.6382238, 56.9334859 ], [ 8.6380999, 56.933341 ], [ 8.637964, 56.9331904 ], [ 8.6377781, 56.9329969 ], [ 8.6376351, 56.9328558 ], [ 8.6372423, 56.9324781 ], [ 8.6370337, 56.9322931 ], [ 8.6368181, 56.9321156 ], [ 8.636592, 56.9319343 ], [ 8.6364728, 56.9318522 ], [ 8.6363209, 56.9317444 ], [ 8.6360704, 56.9315716 ], [ 8.63606, 56.9315725 ], [ 8.6359529, 56.931498 ], [ 8.6359686, 56.9314904 ], [ 8.6358891, 56.9314389 ], [ 8.6356678, 56.9313127 ], [ 8.6354432, 56.9311619 ], [ 8.6354745, 56.9311553 ], [ 8.6358309, 56.9313474 ], [ 8.6359635, 56.9313003 ], [ 8.6360018, 56.9312938 ], [ 8.6378333, 56.932149 ], [ 8.6382956, 56.9323557 ], [ 8.6383558, 56.9323732 ], [ 8.6384727, 56.9324234 ], [ 8.638458, 56.932445 ], [ 8.6384744, 56.9325142 ], [ 8.6385384, 56.9325477 ], [ 8.6384336, 56.9325954 ], [ 8.6381774, 56.93271 ], [ 8.6381214, 56.9327469 ], [ 8.6380969, 56.9327611 ], [ 8.6380863, 56.9327715 ], [ 8.638554, 56.9335068 ] ] ] } },
{ "type": "Feature", "properties": { "gml_id": "restareas.194", "gml_id2": "restareas.fid-2a2e2400_1998da19001_7a7b", "SERVICEAREAID": 5241048.0, "SERVICEAREATYPE": "Samkørselsplads", "SERVICEAREANAME": "Koldby" }, "geometry": { "type": "Polygon", "coordinates": [ [ [ 8.5214047, 56.8412665 ], [ 8.5213547, 56.8413061 ], [ 8.5213895, 56.8413968 ], [ 8.5208584, 56.8417484 ], [ 8.5197167, 56.8410686 ], [ 8.5200344, 56.8409054 ], [ 8.5201151, 56.8408424 ], [ 8.52009, 56.8407854 ], [ 8.5203573, 56.8408837 ], [ 8.5203429, 56.8408933 ], [ 8.5211403, 56.8411851 ], [ 8.52114, 56.8411724 ], [ 8.5214047, 56.8412665 ] ] ] } },
{ "type": "Feature", "properties": { "gml_id": "restareas.195", "gml_id2": "restareas.fid-2a2e2400_1998da19001_7a7c", "SERVICEAREAID": 5233675.0, "SERVICEAREATYPE": "Rasteplads", "SERVICEAREANAME": "Draget" }, "geometry": { "type": "Polygon", "coordinates": [ [ [ 8.4063969, 56.6703479 ], [ 8.4061243, 56.6704427 ], [ 8.4061179, 56.6704103 ], [ 8.4060931, 56.6703899 ], [ 8.405962, 56.6703826 ], [ 8.4056088, 56.670459 ], [ 8.4056003, 56.6704495 ], [ 8.4050186, 56.6705916 ], [ 8.4046732, 56.6707223 ], [ 8.4044829, 56.6708292 ], [ 8.4045412, 56.6708544 ], [ 8.4042075, 56.6710971 ], [ 8.404249, 56.6712761 ], [ 8.403866, 56.6715101 ], [ 8.4039034, 56.6715287 ], [ 8.4037194, 56.6716404 ], [ 8.4036404, 56.671609 ], [ 8.4036789, 56.6715828 ], [ 8.4033034, 56.6714956 ], [ 8.4034947, 56.6712916 ], [ 8.4036919, 56.6711603 ], [ 8.4041065, 56.6709341 ], [ 8.4039949, 56.6708965 ], [ 8.4039656, 56.6708916 ], [ 8.4039223, 56.6708999 ], [ 8.4038655, 56.6708863 ], [ 8.4041631, 56.6708209 ], [ 8.4041614, 56.6707795 ], [ 8.4042647, 56.6707561 ], [ 8.404739, 56.6705749 ], [ 8.4046382, 56.6704591 ], [ 8.4052703, 56.6703439 ], [ 8.4055155, 56.6702829 ], [ 8.4056084, 56.6703061 ], [ 8.4056713, 56.6703692 ], [ 8.4061756, 56.6702556 ], [ 8.4062014, 56.6702643 ], [ 8.406207, 56.6703039 ], [ 8.4062004, 56.6703299 ], [ 8.4062208, 56.6703461 ], [ 8.4062777, 56.670354 ], [ 8.4063969, 56.6703479 ] ] ] } },
{ "type": "Feature", "properties": { "gml_id": "restareas.196", "gml_id2": "restareas.fid-2a2e2400_1998da19001_7a7d", "SERVICEAREAID": 5246329.0, "SERVICEAREATYPE": "Rasteplads", "SERVICEAREANAME": "Odby" }, "geometry": { "type": "Polygon", "coordinates": [ [ [ 8.530364, 56.6049095 ], [ 8.5300868, 56.604956 ], [ 8.5301319, 56.6051401 ], [ 8.5300932, 56.6051411 ], [ 8.529994, 56.6049334 ], [ 8.5299563, 56.6048482 ], [ 8.5298625, 56.6046967 ], [ 8.5297678, 56.6045451 ], [ 8.529623, 56.6043402 ], [ 8.5295746, 56.6042795 ], [ 8.5295988, 56.6042715 ], [ 8.5299119, 56.604603 ], [ 8.5300546, 56.6048417 ], [ 8.5303271, 56.6048266 ], [ 8.530364, 56.6049095 ] ] ] } },
{ "type": "Feature", "properties": { "gml_id": "restareas.197", "gml_id2": "restareas.fid-2a2e2400_1998da19001_7a7e", "SERVICEAREAID": 5227462.0, "SERVICEAREATYPE": "Rasteplads", "SERVICEAREANAME": "Vesløs Vejle Rasteplads" }, "geometry": { "type": "Polygon", "coordinates": [ [ [ 8.9343806, 57.0363608 ], [ 8.932154, 57.037173 ], [ 8.9318976, 57.0372494 ], [ 8.9313329, 57.0366026 ], [ 8.9318118, 57.0364907 ], [ 8.9317141, 57.0364821 ], [ 8.9320569, 57.0363967 ], [ 8.9320464, 57.0364437 ], [ 8.9338432, 57.0360083 ], [ 8.9338232, 57.0359969 ], [ 8.9337883, 57.0359969 ], [ 8.9337631, 57.0359831 ], [ 8.9340588, 57.0359086 ], [ 8.9340701, 57.0359371 ], [ 8.93405, 57.0359652 ], [ 8.9340543, 57.0359847 ], [ 8.9342096, 57.0359396 ], [ 8.9342252, 57.0359596 ], [ 8.9341135, 57.0360056 ], [ 8.9343806, 57.0363608 ] ] ] } },
{ "type": "Feature", "properties": { "gml_id": "restareas.198", "gml_id2": "restareas.fid-2a2e2400_1998da19001_7a7f", "SERVICEAREAID": 5242657.0, "SERVICEAREATYPE": "Rasteplads", "SERVICEAREANAME": "Kjelstrup" }, "geometry": { "type": "Polygon", "coordinates": [ [ [ 8.7414741, 56.9724913 ], [ 8.7415207, 56.9723664 ], [ 8.7416734, 56.9721578 ], [ 8.7417106, 56.9721424 ], [ 8.7417598, 56.972137 ], [ 8.7417244, 56.9721605 ], [ 8.7423143, 56.9722026 ], [ 8.7425683, 56.9722221 ], [ 8.7431249, 56.9722813 ], [ 8.7431182, 56.9722537 ], [ 8.7435078, 56.9722973 ], [ 8.7436424, 56.9723164 ], [ 8.7436332, 56.972335 ], [ 8.7435665, 56.9723276 ], [ 8.7434098, 56.9727143 ], [ 8.7414924, 56.9724925 ], [ 8.7414741, 56.9724913 ] ] ] } },
{ "type": "Feature", "properties": { "gml_id": "restareas.199", "gml_id2": "restareas.fid-2a2e2400_1998da19001_7a80", "SERVICEAREAID": 5237725.0, "SERVICEAREATYPE": "Rasteplads", "SERVICEAREANAME": "Øsløs" }, "geometry": { "type": "Polygon", "coordinates": [ [ [ 9.0241977, 57.0238582 ], [ 9.0238918, 57.0238911 ], [ 9.0238918, 57.0238664 ], [ 9.022717, 57.0239683 ], [ 9.0215813, 57.0240736 ], [ 9.0216092, 57.0240969 ], [ 9.0212728, 57.0241278 ], [ 9.0212685, 57.0241112 ], [ 9.0213251, 57.0240988 ], [ 9.0213844, 57.0240708 ], [ 9.0214105, 57.0240527 ], [ 9.0214915, 57.0238987 ], [ 9.0215733, 57.023825 ], [ 9.0216849, 57.0237441 ], [ 9.021731, 57.0237223 ], [ 9.0218679, 57.0236923 ], [ 9.0232031, 57.0235746 ], [ 9.0234619, 57.0235703 ], [ 9.0236345, 57.0235917 ], [ 9.0237653, 57.0236321 ], [ 9.0239161, 57.0237143 ], [ 9.0240548, 57.0238117 ], [ 9.0240931, 57.0238302 ], [ 9.024189, 57.0238421 ], [ 9.0241977, 57.0238582 ] ] ] } },
{ "type": "Feature", "properties": { "gml_id": "restareas.200", "gml_id2": "restareas.fid-2a2e2400_1998da19001_7a81", "SERVICEAREAID": 5230356.0, "SERVICEAREATYPE": "Holdeplads", "SERVICEAREANAME": "Birkelse Nord" }, "geometry": { "type": "Polygon", "coordinates": [ [ [ 9.6887895, 57.1478097 ], [ 9.6887554, 57.1479031 ], [ 9.6885738, 57.1481108 ], [ 9.6883689, 57.1480497 ], [ 9.6880836, 57.1479462 ], [ 9.6879804, 57.1478973 ], [ 9.6874021, 57.1481182 ], [ 9.6871882, 57.1475266 ], [ 9.6871321, 57.1473791 ], [ 9.6871687, 57.1472277 ], [ 9.6871415, 57.1472222 ], [ 9.6871564, 57.1471765 ], [ 9.6871675, 57.1471617 ], [ 9.6871151, 57.147123 ], [ 9.6874303, 57.1472349 ], [ 9.6873903, 57.147246 ], [ 9.6873734, 57.147277 ], [ 9.6879443, 57.1475063 ], [ 9.6885058, 57.1477443 ], [ 9.688583, 57.1477106 ], [ 9.6887895, 57.1478097 ] ] ] } },
{ "type": "Feature", "properties": { "gml_id": "restareas.201", "gml_id2": "restareas.fid-2a2e2400_1998da19001_7a82", "SERVICEAREAID": 5258162.0, "SERVICEAREATYPE": "Rasteplads", "SERVICEAREANAME": "Birkelse Syd" }, "geometry": { "type": "Polygon", "coordinates": [ [ [ 9.6896743, 57.1469232 ], [ 9.6892838, 57.147353 ], [ 9.6889656, 57.147689 ], [ 9.6889326, 57.1477015 ], [ 9.6888566, 57.1477057 ], [ 9.6888266, 57.1477354 ], [ 9.6885621, 57.1476208 ], [ 9.6885924, 57.1476026 ], [ 9.6883431, 57.1475051 ], [ 9.6877261, 57.1472485 ], [ 9.6870929, 57.14701 ], [ 9.6866757, 57.1468635 ], [ 9.6864971, 57.1468074 ], [ 9.6864912, 57.1468184 ], [ 9.686178, 57.1467174 ], [ 9.6861988, 57.1467049 ], [ 9.6863174, 57.1466858 ], [ 9.6872881, 57.1463572 ], [ 9.6875506, 57.1463211 ], [ 9.6877591, 57.1464777 ], [ 9.6879729, 57.1465945 ], [ 9.6883778, 57.1467615 ], [ 9.6886916, 57.1468107 ], [ 9.6896743, 57.1469232 ] ] ] } },
{ "type": "Feature", "properties": { "gml_id": "restareas.202", "gml_id2": "restareas.fid-2a2e2400_1998da19001_7a83", "SERVICEAREAID": 5236579.0, "SERVICEAREATYPE": "Rasteplads", "SERVICEAREANAME": "Lerbæk" }, "geometry": { "type": "Polygon", "coordinates": [ [ [ 10.500993, 57.472058 ], [ 10.4960179, 57.474169 ], [ 10.495714, 57.4738898 ], [ 10.4956247, 57.4738632 ], [ 10.4955574, 57.4738137 ], [ 10.4954655, 57.4738547 ], [ 10.4953956, 57.4737852 ], [ 10.4955408, 57.473732 ], [ 10.5005022, 57.4716296 ], [ 10.500659, 57.471743 ], [ 10.500993, 57.472058 ] ] ] } },
{ "type": "Feature", "properties": { "gml_id": "restareas.203", "gml_id2": "restareas.fid-2a2e2400_1998da19001_7a84", "SERVICEAREAID": 5252835.0, "SERVICEAREATYPE": "Rasteplads", "SERVICEAREANAME": "Bunken Syd" }, "geometry": { "type": "Polygon", "coordinates": [ [ [ 10.4606725, 57.640609 ], [ 10.4592295, 57.6407813 ], [ 10.4583328, 57.6398837 ], [ 10.4583173, 57.6398953 ], [ 10.4583047, 57.6398907 ], [ 10.4582107, 57.6398024 ], [ 10.4582157, 57.6397952 ], [ 10.4575743, 57.639139 ], [ 10.4575498, 57.6391483 ], [ 10.4574327, 57.6390346 ], [ 10.4574856, 57.6390506 ], [ 10.457505, 57.6390466 ], [ 10.4573691, 57.638907 ], [ 10.4575297, 57.6388681 ], [ 10.458115, 57.6387411 ], [ 10.4586907, 57.6386189 ], [ 10.4606725, 57.640609 ] ] ] } },
{ "type": "Feature", "properties": { "gml_id": "restareas.204", "gml_id2": "restareas.fid-2a2e2400_1998da19001_7a85", "SERVICEAREAID": 5253557.0, "SERVICEAREATYPE": "Rasteplads", "SERVICEAREANAME": "Gyvelstien" }, "geometry": { "type": "Polygon", "coordinates": [ [ [ 10.526024, 57.71182 ], [ 10.5257004, 57.7119483 ], [ 10.5254266, 57.7121448 ], [ 10.5254437, 57.7121712 ], [ 10.5254169, 57.7122105 ], [ 10.5251887, 57.712063 ], [ 10.5252469, 57.7120547 ], [ 10.5247812, 57.7117514 ], [ 10.5240828, 57.7112787 ], [ 10.5229, 57.7104829 ], [ 10.521461, 57.7095029 ], [ 10.5206001, 57.7089247 ], [ 10.5199253, 57.7084632 ], [ 10.5198722, 57.7084667 ], [ 10.5197086, 57.7083552 ], [ 10.5196419, 57.7083106 ], [ 10.51985, 57.7081903 ], [ 10.5219907, 57.7092579 ], [ 10.5222143, 57.7091696 ], [ 10.5252134, 57.7112156 ], [ 10.5257315, 57.711622 ], [ 10.526024, 57.71182 ] ] ] } },
{ "type": "Feature", "properties": { "gml_id": "restareas.205", "gml_id2": "restareas.fid-2a2e2400_1998da19001_7a86", "SERVICEAREAID": 5232618.0, "SERVICEAREATYPE": "Rasteanlæg", "SERVICEAREANAME": "Midtvejs Vest" }, "geometry": { "type": "Polygon", "coordinates": [ [ [ 9.1833462, 56.3187912 ], [ 9.1828769, 56.3190391 ], [ 9.18136, 56.3182726 ], [ 9.1820676, 56.3179502 ], [ 9.1820632, 56.3179302 ], [ 9.1822614, 56.3180573 ], [ 9.1826395, 56.3183018 ], [ 9.182668, 56.3183199 ], [ 9.1832223, 56.3187033 ], [ 9.1833462, 56.3187912 ] ] ] } },
{ "type": "Feature", "properties": { "gml_id": "restareas.206", "gml_id2": "restareas.fid-2a2e2400_1998da19001_7a87", "SERVICEAREAID": 5250611.0, "SERVICEAREATYPE": "Rasteplads", "SERVICEAREANAME": "Midtvejs Øst" }, "geometry": { "type": "Polygon", "coordinates": [ [ [ 9.1839368, 56.3184979 ], [ 9.1834811, 56.3187234 ], [ 9.1831533, 56.3185119 ], [ 9.1831139, 56.3185139 ], [ 9.18295, 56.3184019 ], [ 9.1826677, 56.3182217 ], [ 9.1822463, 56.3179409 ], [ 9.1815632, 56.3174812 ], [ 9.1812611, 56.3172768 ], [ 9.1809179, 56.3170472 ], [ 9.1809111, 56.3170548 ], [ 9.1805927, 56.3168356 ], [ 9.1807472, 56.3167698 ], [ 9.1839368, 56.3184979 ] ] ] } },
{ "type": "Feature", "properties": { "gml_id": "restareas.207", "gml_id2": "restareas.fid-2a2e2400_1998da19001_7a88", "SERVICEAREAID": 5256799.0, "SERVICEAREATYPE": "Rasteplads", "SERVICEAREANAME": "Undalslund" }, "geometry": { "type": "Polygon", "coordinates": [ [ [ 9.3799612, 56.4798517 ], [ 9.3797759, 56.4799213 ], [ 9.379632, 56.479964 ], [ 9.3796202, 56.479987 ], [ 9.3793607, 56.4801058 ], [ 9.3793604, 56.4800744 ], [ 9.3789551, 56.4802663 ], [ 9.3784413, 56.4805146 ], [ 9.3784749, 56.4805292 ], [ 9.3784548, 56.4805393 ], [ 9.378169, 56.4806379 ], [ 9.3781067, 56.4806138 ], [ 9.3777748, 56.4803583 ], [ 9.3778264, 56.4802811 ], [ 9.3780187, 56.4801783 ], [ 9.3782717, 56.4800516 ], [ 9.3791327, 56.4796588 ], [ 9.379449, 56.4798771 ], [ 9.3799227, 56.4798216 ], [ 9.3799612, 56.4798517 ] ] ] } },
{ "type": "Feature", "properties": { "gml_id": "restareas.208", "gml_id2": "restareas.fid-2a2e2400_1998da19001_7a89", "SERVICEAREAID": 5237376.0, "SERVICEAREATYPE": "Rasteplads", "SERVICEAREANAME": "Rogenstrup" }, "geometry": { "type": "Polygon", "coordinates": [ [ [ 9.3505931, 56.5002765 ], [ 9.3505416, 56.5002814 ], [ 9.3504944, 56.5002972 ], [ 9.3503412, 56.5003651 ], [ 9.3501597, 56.5004455 ], [ 9.3499868, 56.5005235 ], [ 9.3502219, 56.5005656 ], [ 9.3501157, 56.5006139 ], [ 9.3499304, 56.5006544 ], [ 9.3489855, 56.5008096 ], [ 9.3482953, 56.5009081 ], [ 9.3482229, 56.500885 ], [ 9.3480779, 56.5008227 ], [ 9.348009, 56.500811 ], [ 9.3482713, 56.5007351 ], [ 9.348257, 56.5007684 ], [ 9.3489529, 56.5005426 ], [ 9.3492759, 56.500429 ], [ 9.3496118, 56.5003054 ], [ 9.3501984, 56.5000722 ], [ 9.3502594, 56.5000744 ], [ 9.3503215, 56.5000904 ], [ 9.350375, 56.5001159 ], [ 9.3505931, 56.5002765 ] ] ] } },
{ "type": "Feature", "properties": { "gml_id": "restareas.210", "gml_id2": "restareas.fid-2a2e2400_1998da19001_7a8b", "SERVICEAREAID": 5259728.0, "SERVICEAREATYPE": "Rasteplads", "SERVICEAREANAME": "Nørre Søby Vest" }, "geometry": { "type": "Polygon", "coordinates": [ [ [ 9.1249419, 56.5491517 ], [ 9.1248634, 56.5492148 ], [ 9.1248067, 56.549376 ], [ 9.124749, 56.5494331 ], [ 9.1246952, 56.5494807 ], [ 9.1241756, 56.5498068 ], [ 9.1237266, 56.549901 ], [ 9.1236422, 56.5498848 ], [ 9.1238414, 56.5497435 ], [ 9.1245447, 56.5492493 ], [ 9.1247696, 56.5490898 ], [ 9.1249419, 56.5491517 ] ] ] } },
{ "type": "Feature", "properties": { "gml_id": "restareas.211", "gml_id2": "restareas.fid-2a2e2400_1998da19001_7a8c", "SERVICEAREAID": 5238878.0, "SERVICEAREATYPE": "Samkørselsplads", "SERVICEAREANAME": "Skive Ådal" }, "geometry": { "type": "Polygon", "coordinates": [ [ [ 8.9957206, 56.5476342 ], [ 8.9950974, 56.5477916 ], [ 8.9940759, 56.5480244 ], [ 8.9940397, 56.5480382 ], [ 8.993964, 56.5480534 ], [ 8.9931687, 56.5483491 ], [ 8.9925765, 56.5486462 ], [ 8.9924681, 56.5487355 ], [ 8.9924345, 56.5487232 ], [ 8.9926402, 56.5485482 ], [ 8.9928382, 56.5483747 ], [ 8.9931782, 56.5480453 ], [ 8.9932763, 56.5479569 ], [ 8.993345, 56.5478905 ], [ 8.9933105, 56.5478815 ], [ 8.9934156, 56.5477774 ], [ 8.9934259, 56.5477968 ], [ 8.9939477, 56.5472905 ], [ 8.9942981, 56.5469544 ], [ 8.9942757, 56.5469496 ], [ 8.9944487, 56.5467942 ], [ 8.9945872, 56.5467856 ], [ 8.9948557, 56.546855 ], [ 8.995076, 56.5470195 ], [ 8.9951853, 56.5471526 ], [ 8.9957206, 56.5476342 ] ] ] } },
{ "type": "Feature", "properties": { "gml_id": "restareas.212", "gml_id2": "restareas.fid-2a2e2400_1998da19001_7a8d", "SERVICEAREAID": 5243145.0, "SERVICEAREATYPE": "Samkørselsplads", "SERVICEAREANAME": "Samkørsel Mors" }, "geometry": { "type": "Polygon", "coordinates": [ [ [ 8.832677, 56.767348 ], [ 8.8326706, 56.7674227 ], [ 8.8326506, 56.7674493 ], [ 8.8326245, 56.767463 ], [ 8.8325344, 56.7674776 ], [ 8.8323793, 56.7675097 ], [ 8.8324416, 56.7675241 ], [ 8.8320397, 56.7675863 ], [ 8.8320337, 56.7675578 ], [ 8.8320051, 56.7675634 ], [ 8.8315097, 56.7676307 ], [ 8.8314119, 56.7676344 ], [ 8.8313383, 56.7676329 ], [ 8.8312639, 56.7676242 ], [ 8.8311869, 56.7676065 ], [ 8.8311264, 56.7675855 ], [ 8.8310884, 56.7675679 ], [ 8.8310513, 56.7675417 ], [ 8.8310168, 56.7675141 ], [ 8.8309918, 56.767485 ], [ 8.8309781, 56.7674579 ], [ 8.8309705, 56.7674137 ], [ 8.8309811, 56.7673624 ], [ 8.83101, 56.7672973 ], [ 8.8310676, 56.7671966 ], [ 8.8311077, 56.7671253 ], [ 8.8311698, 56.7669919 ], [ 8.8312153, 56.7668716 ], [ 8.8313275, 56.7665704 ], [ 8.8313878, 56.7664407 ], [ 8.8314698, 56.7662863 ], [ 8.8317363, 56.76633 ], [ 8.8318426, 56.7663563 ], [ 8.8319463, 56.7663863 ], [ 8.832044, 56.7664235 ], [ 8.8321477, 56.7664684 ], [ 8.8322289, 56.7665098 ], [ 8.8323083, 56.7665603 ], [ 8.8323851, 56.7666142 ], [ 8.8325023, 56.7667246 ], [ 8.8325643, 56.7668012 ], [ 8.8326115, 56.7668821 ], [ 8.8326381, 56.7669472 ], [ 8.8326598, 56.7671274 ], [ 8.832677, 56.767348 ] ] ] } },
{ "type": "Feature", "properties": { "gml_id": "restareas.213", "gml_id2": "restareas.fid-2a2e2400_1998da19001_7a8e", "SERVICEAREAID": 5255668.0, "SERVICEAREATYPE": "Rasteplads", "SERVICEAREANAME": "Legindbjerge Øst" }, "geometry": { "type": "Polygon", "coordinates": [ [ [ 8.8360882, 56.7579697 ], [ 8.8359458, 56.7582776 ], [ 8.8358101, 56.7584352 ], [ 8.8355851, 56.7586303 ], [ 8.8354829, 56.7586682 ], [ 8.8350443, 56.7586077 ], [ 8.8342909, 56.7585245 ], [ 8.8337261, 56.7584453 ], [ 8.8336629, 56.7584609 ], [ 8.8331548, 56.7584683 ], [ 8.8330108, 56.7587514 ], [ 8.8328092, 56.7587364 ], [ 8.8329103, 56.7583938 ], [ 8.8328547, 56.7584285 ], [ 8.8329564, 56.7581453 ], [ 8.8329708, 56.7582052 ], [ 8.8330294, 56.7580674 ], [ 8.8330666, 56.7580708 ], [ 8.8330272, 56.7581734 ], [ 8.8330323, 56.7582053 ], [ 8.833059, 56.7582334 ], [ 8.8330934, 56.7582559 ], [ 8.8331911, 56.758283 ], [ 8.8337524, 56.758366 ], [ 8.8338701, 56.7583842 ], [ 8.8341763, 56.7584212 ], [ 8.8342637, 56.7584194 ], [ 8.8343402, 56.7581466 ], [ 8.8343846, 56.7578838 ], [ 8.8347027, 56.7577678 ], [ 8.8360882, 56.7579697 ] ] ] } },
{ "type": "Feature", "properties": { "gml_id": "restareas.214", "gml_id2": "restareas.fid-2a2e2400_1998da19001_7a8f", "SERVICEAREAID": 5260460.0, "SERVICEAREATYPE": "Rasteplads", "SERVICEAREANAME": "Legindbjerge Vest" }, "geometry": { "type": "Polygon", "coordinates": [ [ [ 8.8322489, 56.7614381 ], [ 8.8322355, 56.7615677 ], [ 8.8321902, 56.7615513 ], [ 8.8321839, 56.7615673 ], [ 8.8322301, 56.7622818 ], [ 8.8320641, 56.7622721 ], [ 8.8320182, 56.7619038 ], [ 8.8312783, 56.7618488 ], [ 8.8310456, 56.7615689 ], [ 8.8317099, 56.7615303 ], [ 8.8319123, 56.7614712 ], [ 8.8320256, 56.7614506 ], [ 8.8320964, 56.7614144 ], [ 8.8321447, 56.7613647 ], [ 8.832244, 56.7613722 ], [ 8.8322159, 56.7614505 ], [ 8.8322489, 56.7614381 ] ] ] } },
{ "type": "Feature", "properties": { "gml_id": "restareas.215", "gml_id2": "restareas.fid-2a2e2400_1998da19001_7a90", "SERVICEAREAID": 5260697.0, "SERVICEAREATYPE": "Rasteplads", "SERVICEAREANAME": "Nykøbing Mors Øst" }, "geometry": { "type": "Polygon", "coordinates": [ [ [ 8.8106147, 56.7974017 ], [ 8.8102429, 56.7979488 ], [ 8.8101679, 56.7980514 ], [ 8.8099307, 56.7983467 ], [ 8.8097983, 56.7984891 ], [ 8.8095651, 56.7986998 ], [ 8.8091979, 56.7990158 ], [ 8.808997, 56.7989955 ], [ 8.8097114, 56.7982104 ], [ 8.8104485, 56.7973673 ], [ 8.8106147, 56.7974017 ] ] ] } },
{ "type": "Feature", "properties": { "gml_id": "restareas.216", "gml_id2": "restareas.fid-2a2e2400_1998da19001_7a91", "SERVICEAREAID": 5230126.0, "SERVICEAREATYPE": "Rasteplads", "SERVICEAREANAME": "Nykøbing Mors vest" }, "geometry": { "type": "Polygon", "coordinates": [ [ [ 8.8102092, 56.7974523 ], [ 8.8097819, 56.7979642 ], [ 8.8093992, 56.7983886 ], [ 8.8089034, 56.7988647 ], [ 8.808713, 56.7988231 ], [ 8.8091128, 56.798334 ], [ 8.8094745, 56.7979374 ], [ 8.8100838, 56.7974202 ], [ 8.8102092, 56.7974523 ] ] ] } },
{ "type": "Feature", "properties": { "gml_id": "restareas.217", "gml_id2": "restareas.fid-2a2e2400_1998da19001_7a92", "SERVICEAREAID": 5249461.0, "SERVICEAREATYPE": "Samkørselsplads", "SERVICEAREANAME": "Sundby" }, "geometry": { "type": "Polygon", "coordinates": [ [ [ 8.6665024, 56.8768719 ], [ 8.6663896, 56.8769571 ], [ 8.6662363, 56.8770171 ], [ 8.6662516, 56.8770495 ], [ 8.6660091, 56.8771852 ], [ 8.6659156, 56.8772515 ], [ 8.6657718, 56.8774085 ], [ 8.6656787, 56.8775328 ], [ 8.665455, 56.8777841 ], [ 8.6654229, 56.8777902 ], [ 8.665375, 56.8778082 ], [ 8.6650943, 56.8778336 ], [ 8.6648805, 56.8778634 ], [ 8.664582, 56.8779377 ], [ 8.664638, 56.8778846 ], [ 8.6644727, 56.8779322 ], [ 8.6646485, 56.8777805 ], [ 8.6646691, 56.8778039 ], [ 8.6647204, 56.8777997 ], [ 8.6658372, 56.8767993 ], [ 8.6658121, 56.8767835 ], [ 8.6657731, 56.8767791 ], [ 8.6659621, 56.8766099 ], [ 8.6659644, 56.876647 ], [ 8.6659535, 56.8766978 ], [ 8.6659911, 56.8766675 ], [ 8.6662424, 56.876431 ], [ 8.6663471, 56.8764717 ], [ 8.6663259, 56.8765082 ], [ 8.6663152, 56.8765419 ], [ 8.6663102, 56.8766137 ], [ 8.6663297, 56.8766732 ], [ 8.6665024, 56.8768719 ] ] ] } },
{ "type": "Feature", "properties": { "gml_id": "restareas.218", "gml_id2": "restareas.fid-2a2e2400_1998da19001_7a93", "SERVICEAREAID": 5244326.0, "SERVICEAREATYPE": "Samkørselsplads", "SERVICEAREANAME": "Lønstrup" }, "geometry": { "type": "Polygon", "coordinates": [ [ [ 9.9200512, 57.4532821 ], [ 9.9198773, 57.4533779 ], [ 9.9195942, 57.453341 ], [ 9.919182, 57.4533293 ], [ 9.9191091, 57.4533374 ], [ 9.9187924, 57.453335 ], [ 9.9185025, 57.4533091 ], [ 9.9182177, 57.4532731 ], [ 9.9178697, 57.4531825 ], [ 9.9176659, 57.453106 ], [ 9.9174711, 57.4530394 ], [ 9.9171863, 57.4529712 ], [ 9.9171785, 57.4529417 ], [ 9.9176689, 57.4529097 ], [ 9.9176614, 57.4528917 ], [ 9.9178858, 57.4528729 ], [ 9.9178802, 57.4528962 ], [ 9.9179877, 57.4528912 ], [ 9.917996, 57.4529059 ], [ 9.9180147, 57.4529152 ], [ 9.9181529, 57.4529052 ], [ 9.918679, 57.4528571 ], [ 9.9186556, 57.4528369 ], [ 9.9187436, 57.4528286 ], [ 9.9186927, 57.4528048 ], [ 9.9189495, 57.4527767 ], [ 9.918915, 57.4528084 ], [ 9.9189617, 57.4528052 ], [ 9.9189605, 57.452828 ], [ 9.9190686, 57.4528149 ], [ 9.9190987, 57.4528208 ], [ 9.9191105, 57.4528321 ], [ 9.9193144, 57.4529105 ], [ 9.9194491, 57.4529713 ], [ 9.9199583, 57.4532324 ], [ 9.9200512, 57.4532821 ] ] ] } },
{ "type": "Feature", "properties": { "gml_id": "restareas.219", "gml_id2": "restareas.fid-2a2e2400_1998da19001_7a94", "SERVICEAREAID": 5233488.0, "SERVICEAREATYPE": "Rasteplads", "SERVICEAREANAME": "Furreby Øst" }, "geometry": { "type": "Polygon", "coordinates": [ [ [ 9.7443618, 57.3796155 ], [ 9.7442718, 57.3795909 ], [ 9.7440531, 57.3795247 ], [ 9.7435731, 57.3793754 ], [ 9.7434082, 57.3793184 ], [ 9.7433232, 57.3792908 ], [ 9.7433673, 57.3792521 ], [ 9.7427892, 57.3790844 ], [ 9.7442709, 57.3788061 ], [ 9.7443694, 57.3789776 ], [ 9.7443005, 57.3794419 ], [ 9.7443277, 57.3795711 ], [ 9.7443618, 57.3796155 ] ] ] } },
{ "type": "Feature", "properties": { "gml_id": "restareas.220", "gml_id2": "restareas.fid-2a2e2400_1998da19001_7a95", "SERVICEAREAID": 5226629.0, "SERVICEAREATYPE": "Rasteplads", "SERVICEAREANAME": "Pandrup Vest" }, "geometry": { "type": "Polygon", "coordinates": [ [ [ 9.685643, 57.2314457 ], [ 9.6853618, 57.2319739 ], [ 9.6849654, 57.2327155 ], [ 9.6848642, 57.2326958 ], [ 9.6849014, 57.2326234 ], [ 9.6847856, 57.2322394 ], [ 9.6846763, 57.2318759 ], [ 9.6844566, 57.2311389 ], [ 9.6857117, 57.2310375 ], [ 9.6857383, 57.2310067 ], [ 9.6857998, 57.2310116 ], [ 9.6858542, 57.2310174 ], [ 9.685643, 57.2314457 ] ] ] } },
{ "type": "Feature", "properties": { "gml_id": "restareas.221", "gml_id2": "restareas.fid-2a2e2400_1998da19001_7a96", "SERVICEAREAID": 5248240.0, "SERVICEAREATYPE": "Rasteplads", "SERVICEAREANAME": "Pandrup Øst" }, "geometry": { "type": "Polygon", "coordinates": [ [ [ 9.6871206, 57.2326348 ], [ 9.6851266, 57.2328748 ], [ 9.685119, 57.2328915 ], [ 9.6850514, 57.2328828 ], [ 9.6851743, 57.2326573 ], [ 9.685118, 57.2326481 ], [ 9.6859824, 57.2310006 ], [ 9.6860534, 57.231005 ], [ 9.6862711, 57.2304994 ], [ 9.6863439, 57.2305033 ], [ 9.6871206, 57.2326348 ] ] ] } },
{ "type": "Feature", "properties": { "gml_id": "restareas.222", "gml_id2": "restareas.fid-2a2e2400_1998da19001_7a97", "SERVICEAREAID": 5252925.0, "SERVICEAREATYPE": "Rasteplads", "SERVICEAREANAME": "Borremose Fæstningen" }, "geometry": { "type": "Polygon", "coordinates": [ [ [ 9.5656318, 56.7789883 ], [ 9.563867, 56.7786949 ], [ 9.5640095, 56.7785276 ], [ 9.5639841, 56.7785222 ], [ 9.563963, 56.7785162 ], [ 9.5639293, 56.7785187 ], [ 9.5640077, 56.7784375 ], [ 9.5640324, 56.778465 ], [ 9.5640989, 56.7783953 ], [ 9.5641147, 56.7783992 ], [ 9.5640618, 56.7784639 ], [ 9.5655871, 56.7787194 ], [ 9.5656318, 56.7789883 ] ] ] } },
{ "type": "Feature", "properties": { "gml_id": "restareas.223", "gml_id2": "restareas.fid-2a2e2400_1998da19001_7a98", "SERVICEAREAID": 5232017.0, "SERVICEAREATYPE": "Rasteplads", "SERVICEAREANAME": "Aggersund" }, "geometry": { "type": "Polygon", "coordinates": [ [ [ 9.2907297, 57.001142 ], [ 9.2905414, 57.0012423 ], [ 9.2903662, 57.0013354 ], [ 9.2902161, 57.0014151 ], [ 9.2900756, 57.0014929 ], [ 9.2897651, 57.0016619 ], [ 9.2894772, 57.0018251 ], [ 9.2893428, 57.0019048 ], [ 9.2892555, 57.0018813 ], [ 9.2891114, 57.0020589 ], [ 9.289063, 57.0020442 ], [ 9.2902618, 57.0006483 ], [ 9.2902791, 57.0006302 ], [ 9.2907042, 57.0007357 ], [ 9.2912749, 57.0009073 ], [ 9.2910598, 57.0010276 ], [ 9.2907283, 57.0009628 ], [ 9.290698, 57.0009881 ], [ 9.2907263, 57.0010474 ], [ 9.2907555, 57.001103 ], [ 9.29076, 57.0011201 ], [ 9.2907488, 57.0011415 ], [ 9.2907297, 57.001142 ] ] ] } },
{ "type": "Feature", "properties": { "gml_id": "restareas.224", "gml_id2": "restareas.fid-2a2e2400_1998da19001_7a99", "SERVICEAREAID": 5251886.0, "SERVICEAREATYPE": "Samkørselsplads", "SERVICEAREANAME": "Ønslev Parker og samkør" }, "geometry": { "type": "Polygon", "coordinates": [ [ [ 11.8550592, 54.8556825 ], [ 11.8548844, 54.8562681 ], [ 11.8549484, 54.8562754 ], [ 11.8550081, 54.8562642 ], [ 11.8550739, 54.8562094 ], [ 11.8550085, 54.8564147 ], [ 11.8549687, 54.8563502 ], [ 11.854867, 54.8563276 ], [ 11.8548119, 54.8565332 ], [ 11.8544171, 54.8564947 ], [ 11.8542973, 54.8564685 ], [ 11.8542108, 54.8564024 ], [ 11.8541981, 54.8563433 ], [ 11.8544129, 54.8557082 ], [ 11.8545006, 54.8556582 ], [ 11.85462, 54.8556402 ], [ 11.8550592, 54.8556825 ] ] ] } },
{ "type": "Feature", "properties": { "gml_id": "restareas.225", "gml_id2": "restareas.fid-2a2e2400_1998da19001_7a9a", "SERVICEAREAID": 5260612.0, "SERVICEAREATYPE": "Rasteplads", "SERVICEAREANAME": "Bruntofte" }, "geometry": { "type": "Polygon", "coordinates": [ [ [ 11.8676712, 54.8239324 ], [ 11.8675688, 54.8244373 ], [ 11.8672744, 54.8244174 ], [ 11.8671518, 54.8244231 ], [ 11.867306, 54.8238186 ], [ 11.8674239, 54.823828 ], [ 11.867405, 54.8239018 ], [ 11.8676712, 54.8239324 ] ] ] } },
{ "type": "Feature", "properties": { "gml_id": "restareas.239", "gml_id2": "restareas.fid-2a2e2400_1998da19001_7aa8", "SERVICEAREAID": 25183059.0, "SERVICEAREATYPE": "Rasteplads", "SERVICEAREANAME": "Hærvejen Nord" }, "geometry": { "type": "Polygon", "coordinates": [ [ [ 9.4008682, 55.8377549 ], [ 9.400847, 55.8377941 ], [ 9.4003579, 55.8378317 ], [ 9.3996636, 55.837852 ], [ 9.3989826, 55.8378485 ], [ 9.3984078, 55.8378199 ], [ 9.3977785, 55.8377459 ], [ 9.3967851, 55.8376017 ], [ 9.3964502, 55.8375333 ], [ 9.3964194, 55.8364732 ], [ 9.3967127, 55.8364671 ], [ 9.3973091, 55.8364566 ], [ 9.3982197, 55.8364408 ], [ 9.3997079, 55.8364018 ], [ 9.4002307, 55.8363877 ], [ 9.4005458, 55.8363788 ], [ 9.4008682, 55.8377549 ] ] ] } },
{ "type": "Feature", "properties": { "gml_id": "restareas.240", "gml_id2": "restareas.fid-2a2e2400_1998da19001_7aa9", "SERVICEAREAID": 43674829.0, "SERVICEAREATYPE": "Cykelrasteplads", "SERVICEAREANAME": "Øster Skerninge" }, "geometry": { "type": "Polygon", "coordinates": [ [ [ 10.4727652, 55.0733859 ], [ 10.4728478, 55.0733112 ], [ 10.4729194, 55.0732989 ], [ 10.4730683, 55.07329 ], [ 10.4732358, 55.0732685 ], [ 10.4732905, 55.0733833 ], [ 10.4733175, 55.0733954 ], [ 10.4727652, 55.0733859 ] ] ] } },
{ "type": "Feature", "properties": { "gml_id": "restareas.226", "gml_id2": "restareas.fid-2a2e2400_1998da19001_7a9b", "SERVICEAREAID": 5227945.0, "SERVICEAREATYPE": "Samkørselsplads", "SERVICEAREANAME": "Knudepunkt Aalborg Ø" }, "geometry": { "type": "Polygon", "coordinates": [ [ [ 9.9575933, 57.0200255 ], [ 9.9575684, 57.0199771 ], [ 9.9575007, 57.019855 ], [ 9.9572684, 57.0194819 ], [ 9.9571734, 57.0193246 ], [ 9.9568346, 57.0187781 ], [ 9.9569016, 57.0187386 ], [ 9.95689, 57.0186959 ], [ 9.9568965, 57.018675 ], [ 9.9569087, 57.0186083 ], [ 9.956927, 57.0185749 ], [ 9.9569788, 57.0184889 ], [ 9.9572133, 57.0183217 ], [ 9.9573432, 57.0183559 ], [ 9.9573844, 57.0183299 ], [ 9.9574029, 57.018307 ], [ 9.9573292, 57.0182847 ], [ 9.9573683, 57.0182483 ], [ 9.9574474, 57.0182724 ], [ 9.9574949, 57.0182235 ], [ 9.9577372, 57.0183595 ], [ 9.9580954, 57.0185973 ], [ 9.9582302, 57.0186857 ], [ 9.9584278, 57.0188468 ], [ 9.9585204, 57.0189563 ], [ 9.9589634, 57.0193071 ], [ 9.9590203, 57.0193652 ], [ 9.959119, 57.0194277 ], [ 9.9592053, 57.0195415 ], [ 9.9592665, 57.0196176 ], [ 9.9593181, 57.0196253 ], [ 9.9594752, 57.0197686 ], [ 9.9595262, 57.01982 ], [ 9.9595402, 57.0198575 ], [ 9.9595387, 57.0198998 ], [ 9.9595348, 57.0199354 ], [ 9.9594402, 57.0199388 ], [ 9.9594414, 57.0199477 ], [ 9.9594168, 57.0199487 ], [ 9.9594155, 57.0199398 ], [ 9.9585691, 57.0199736 ], [ 9.9584011, 57.0199789 ], [ 9.9583027, 57.0199825 ], [ 9.9583124, 57.0199842 ], [ 9.9583205, 57.0199854 ], [ 9.958329, 57.0199867 ], [ 9.9583395, 57.0199881 ], [ 9.9583459, 57.0199886 ], [ 9.9583589, 57.0199892 ], [ 9.9583777, 57.0199891 ], [ 9.9578991, 57.0200132 ], [ 9.9579109, 57.0200104 ], [ 9.9579182, 57.020008 ], [ 9.9579251, 57.0200053 ], [ 9.9579343, 57.0200004 ], [ 9.9578949, 57.0200044 ], [ 9.9575933, 57.0200255 ] ] ] } },
{ "type": "Feature", "properties": { "gml_id": "restareas.227", "gml_id2": "restareas.fid-2a2e2400_1998da19001_7a9c", "SERVICEAREAID": 26409042.0, "SERVICEAREATYPE": "Rasteplads", "SERVICEAREANAME": "Rønkilde Syd" }, "geometry": { "type": "Polygon", "coordinates": [ [ [ 9.3023041, 56.1336087 ], [ 9.3022398, 56.1336111 ], [ 9.3008849, 56.1336639 ], [ 9.2990261, 56.1337312 ], [ 9.2981638, 56.1337581 ], [ 9.2976638, 56.1324 ], [ 9.298489, 56.1323176 ], [ 9.300064, 56.1323243 ], [ 9.301503, 56.132354 ], [ 9.3026303, 56.1323774 ], [ 9.3023041, 56.1336087 ] ] ] } },
{ "type": "Feature", "properties": { "gml_id": "restareas.228", "gml_id2": "restareas.fid-2a2e2400_1998da19001_7a9d", "SERVICEAREAID": 43102696.0, "SERVICEAREATYPE": "Rasteanlæg", "SERVICEAREANAME": "Kalbygård skov Syd" }, "geometry": { "type": "Polygon", "coordinates": [ [ [ 9.7664834, 56.1484753 ], [ 9.766039, 56.1484966 ], [ 9.7654007, 56.1485196 ], [ 9.7647633, 56.1485445 ], [ 9.764021, 56.1485666 ], [ 9.7634134, 56.1485913 ], [ 9.7624542, 56.1486239 ], [ 9.7618159, 56.1486497 ], [ 9.7613204, 56.1486575 ], [ 9.7607118, 56.1486798 ], [ 9.7600701, 56.1487008 ], [ 9.7594018, 56.1487187 ], [ 9.7575852, 56.1487569 ], [ 9.7572998, 56.1487598 ], [ 9.757389, 56.1487488 ], [ 9.7574977, 56.1487334 ], [ 9.757693, 56.1487042 ], [ 9.7579019, 56.148671 ], [ 9.7580869, 56.1486376 ], [ 9.7583108, 56.1485905 ], [ 9.7585991, 56.1485241 ], [ 9.7589151, 56.148439 ], [ 9.7592649, 56.1483375 ], [ 9.7591962, 56.1482607 ], [ 9.7590709, 56.148299 ], [ 9.7590076, 56.14824 ], [ 9.759171, 56.1481905 ], [ 9.7592351, 56.1478212 ], [ 9.7592029, 56.1476933 ], [ 9.7592439, 56.1476127 ], [ 9.759328, 56.1475686 ], [ 9.7595641, 56.1475237 ], [ 9.7598074, 56.1475205 ], [ 9.7602549, 56.1475722 ], [ 9.7606449, 56.1476564 ], [ 9.7610369, 56.1476207 ], [ 9.762083, 56.14759 ], [ 9.76211, 56.1475784 ], [ 9.7624939, 56.1475306 ], [ 9.7628161, 56.1475044 ], [ 9.7633351, 56.1474755 ], [ 9.7637333, 56.1474592 ], [ 9.7641787, 56.1474532 ], [ 9.7645099, 56.1474502 ], [ 9.7646246, 56.1474794 ], [ 9.764656, 56.1475056 ], [ 9.7649362, 56.1475937 ], [ 9.7650057, 56.1475329 ], [ 9.7650903, 56.1475481 ], [ 9.7652337, 56.1476062 ], [ 9.7652917, 56.1476543 ], [ 9.7653361, 56.1477011 ], [ 9.7656242, 56.1478015 ], [ 9.7660739, 56.14793 ], [ 9.7662641, 56.1479489 ], [ 9.7664834, 56.1479637 ], [ 9.7664825, 56.1481695 ], [ 9.7663042, 56.1481685 ], [ 9.7663076, 56.1482531 ], [ 9.7664737, 56.1482535 ], [ 9.7664834, 56.1484753 ] ] ] } },
{ "type": "Feature", "properties": { "gml_id": "restareas.229", "gml_id2": "restareas.fid-2a2e2400_1998da19001_7a9e", "SERVICEAREAID": 47000020.0, "SERVICEAREATYPE": "Samkørselsplads", "SERVICEAREANAME": "Kirsebærplantagen" }, "geometry": { "type": "Polygon", "coordinates": [ [ [ 11.3242872, 55.3854947 ], [ 11.3244143, 55.3854248 ], [ 11.3252561, 55.3849631 ], [ 11.3252155, 55.3849548 ], [ 11.3251696, 55.3849567 ], [ 11.3251209, 55.3849666 ], [ 11.3250854, 55.384974 ], [ 11.3253965, 55.384793 ], [ 11.3253726, 55.3848272 ], [ 11.3253663, 55.3848478 ], [ 11.325367, 55.3848611 ], [ 11.3253695, 55.3848744 ], [ 11.3253739, 55.3848791 ], [ 11.3254105, 55.3848608 ], [ 11.3255755, 55.3847687 ], [ 11.3262285, 55.3850901 ], [ 11.3249568, 55.3858002 ], [ 11.3242872, 55.3854947 ] ] ] } },
{ "type": "Feature", "properties": { "gml_id": "restareas.230", "gml_id2": "restareas.fid-2a2e2400_1998da19001_7a9f", "SERVICEAREAID": 39136580.0, "SERVICEAREATYPE": "Samkørselsplads", "SERVICEAREANAME": "Rønnede" }, "geometry": { "type": "Polygon", "coordinates": [ [ [ 11.9965911, 55.2580613 ], [ 11.9967546, 55.2580511 ], [ 11.9967623, 55.2580756 ], [ 11.99773, 55.2580175 ], [ 11.9977606, 55.2582415 ], [ 11.9969049, 55.2582828 ], [ 11.9966131, 55.2581967 ], [ 11.9965911, 55.2580613 ] ] ] } },
{ "type": "Feature", "properties": { "gml_id": "restareas.231", "gml_id2": "restareas.fid-2a2e2400_1998da19001_7aa0", "SERVICEAREAID": 43100210.0, "SERVICEAREATYPE": "Rasteanlæg", "SERVICEAREANAME": "Kalbygård skov Nord" }, "geometry": { "type": "Polygon", "coordinates": [ [ [ 9.7673746, 56.1498616 ], [ 9.7663331, 56.1499128 ], [ 9.7654227, 56.1499603 ], [ 9.7636634, 56.1500653 ], [ 9.7626324, 56.1501306 ], [ 9.7611928, 56.150211 ], [ 9.7610147, 56.1500752 ], [ 9.7615441, 56.1489557 ], [ 9.762146, 56.1489383 ], [ 9.7630874, 56.1489087 ], [ 9.7643504, 56.1488619 ], [ 9.7649923, 56.1488427 ], [ 9.7660668, 56.1487935 ], [ 9.7667621, 56.1487668 ], [ 9.7675355, 56.1487288 ], [ 9.7685948, 56.1486768 ], [ 9.7702673, 56.1485944 ], [ 9.7711752, 56.1485456 ], [ 9.7707808, 56.1485961 ], [ 9.7704116, 56.1486515 ], [ 9.7700431, 56.1487201 ], [ 9.7696929, 56.148795 ], [ 9.7694089, 56.1488609 ], [ 9.7691598, 56.1489281 ], [ 9.76891, 56.1489991 ], [ 9.7686144, 56.149086 ], [ 9.76882, 56.149307 ], [ 9.7685478, 56.1494093 ], [ 9.7684615, 56.149523 ], [ 9.7683327, 56.1497827 ], [ 9.7681124, 56.1497857 ], [ 9.7681031, 56.1498324 ], [ 9.7673746, 56.1498616 ] ] ] } },
{ "type": "Feature", "properties": { "gml_id": "restareas.232", "gml_id2": "restareas.fid-2a2e2400_1998da19001_7aa1", "SERVICEAREAID": 26409002.0, "SERVICEAREATYPE": "Rasteplads", "SERVICEAREANAME": "Hærvejen Syd" }, "geometry": { "type": "Polygon", "coordinates": [ [ [ 9.3972479, 55.836072 ], [ 9.3963996, 55.8360863 ], [ 9.3953691, 55.8361029 ], [ 9.3937541, 55.8361328 ], [ 9.3930961, 55.836142 ], [ 9.3930759, 55.835621 ], [ 9.3928468, 55.8356338 ], [ 9.3929579, 55.8355723 ], [ 9.3921491, 55.8357755 ], [ 9.3919724, 55.8355882 ], [ 9.3927045, 55.835216 ], [ 9.3929137, 55.8351835 ], [ 9.392713, 55.834722 ], [ 9.3929532, 55.8346656 ], [ 9.3940305, 55.8345611 ], [ 9.3945057, 55.8345259 ], [ 9.3947436, 55.8345177 ], [ 9.394779, 55.834762 ], [ 9.3948552, 55.8351169 ], [ 9.394963, 55.8351632 ], [ 9.3951387, 55.835165 ], [ 9.3957772, 55.8351391 ], [ 9.3962914, 55.8351175 ], [ 9.396373, 55.8350844 ], [ 9.3964902, 55.8351387 ], [ 9.3971878, 55.835117 ], [ 9.3972479, 55.836072 ] ] ] } },
{ "type": "Feature", "properties": { "gml_id": "restareas.233", "gml_id2": "restareas.fid-2a2e2400_1998da19001_7aa2", "SERVICEAREAID": 26409026.0, "SERVICEAREATYPE": "Rasteplads", "SERVICEAREANAME": "Rønkilde Nord" }, "geometry": { "type": "Polygon", "coordinates": [ [ [ 9.3026193, 56.1352014 ], [ 9.300775, 56.1353966 ], [ 9.2976379, 56.1353257 ], [ 9.2980708, 56.1340546 ], [ 9.2984342, 56.1340426 ], [ 9.2992181, 56.134015 ], [ 9.2996258, 56.1340007 ], [ 9.3000352, 56.1339859 ], [ 9.3019809, 56.1339165 ], [ 9.3021087, 56.1339111 ], [ 9.3026193, 56.1352014 ] ] ] } },
{ "type": "Feature", "properties": { "gml_id": "restareas.234", "gml_id2": "restareas.fid-2a2e2400_1998da19001_7aa3", "SERVICEAREAID": 30138077.0, "SERVICEAREATYPE": "Rasteanlæg", "SERVICEAREANAME": "Kongsted Nord" }, "geometry": { "type": "Polygon", "coordinates": [ [ [ 11.9313424, 55.4574953 ], [ 11.9322132, 55.457572 ], [ 11.9333927, 55.4576731 ], [ 11.9340207, 55.4577237 ], [ 11.9345376, 55.4577598 ], [ 11.9350074, 55.4577952 ], [ 11.9357274, 55.4578416 ], [ 11.9364522, 55.4578842 ], [ 11.9370861, 55.4579203 ], [ 11.9395171, 55.458016 ], [ 11.9389947, 55.4580486 ], [ 11.9385572, 55.4580867 ], [ 11.9382949, 55.4581163 ], [ 11.9380868, 55.4581441 ], [ 11.937836, 55.4581825 ], [ 11.9375246, 55.4582281 ], [ 11.93767, 55.458551 ], [ 11.937365, 55.4585469 ], [ 11.9372112, 55.4585943 ], [ 11.9362579, 55.4585633 ], [ 11.9341756, 55.4584807 ], [ 11.9327403, 55.4583967 ], [ 11.9313149, 55.4582746 ], [ 11.9308644, 55.4582284 ], [ 11.9308455, 55.4577931 ], [ 11.9308828, 55.4577313 ], [ 11.9309857, 55.4577526 ], [ 11.9311555, 55.4577898 ], [ 11.9313424, 55.4574953 ] ] ] } },
{ "type": "Feature", "properties": { "gml_id": "restareas.235", "gml_id2": "restareas.fid-2a2e2400_1998da19001_7aa4", "SERVICEAREAID": 48986907.0, "SERVICEAREATYPE": "Samkørselsplads", "SERVICEAREANAME": "Kværndrup" }, "geometry": { "type": "Polygon", "coordinates": [ [ [ 10.5243049, 55.1884308 ], [ 10.5240175, 55.1883265 ], [ 10.5241513, 55.1881731 ], [ 10.524259, 55.1880548 ], [ 10.5244281, 55.1878914 ], [ 10.5244239, 55.1878896 ], [ 10.5243871, 55.1878853 ], [ 10.5243697, 55.187886 ], [ 10.524436, 55.1878152 ], [ 10.5244491, 55.1878308 ], [ 10.5244535, 55.1878383 ], [ 10.5244839, 55.1878513 ], [ 10.5245235, 55.1878218 ], [ 10.5247908, 55.1879216 ], [ 10.524603, 55.1881185 ], [ 10.524416, 55.1883143 ], [ 10.5243257, 55.1884087 ], [ 10.5243049, 55.1884308 ] ] ] } },
{ "type": "Feature", "properties": { "gml_id": "restareas.236", "gml_id2": "restareas.fid-2a2e2400_1998da19001_7aa5", "SERVICEAREAID": 30704490.0, "SERVICEAREATYPE": "Rasteanlæg", "SERVICEAREANAME": "Springstrup Syd" }, "geometry": { "type": "Polygon", "coordinates": [ [ [ 11.6489597, 55.7017164 ], [ 11.6491071, 55.7016231 ], [ 11.6496682, 55.7013194 ], [ 11.6498743, 55.7012194 ], [ 11.6504317, 55.7009973 ], [ 11.650951, 55.7007776 ], [ 11.6515658, 55.7005481 ], [ 11.6521238, 55.7003703 ], [ 11.6524971, 55.7002453 ], [ 11.6531547, 55.7000648 ], [ 11.6538221, 55.6999196 ], [ 11.6547011, 55.7008309 ], [ 11.6517575, 55.7017136 ], [ 11.6509557, 55.701963 ], [ 11.6499774, 55.7022923 ], [ 11.6495973, 55.702078 ], [ 11.6490301, 55.7024903 ], [ 11.6487469, 55.7023941 ], [ 11.6488638, 55.7021592 ], [ 11.6489597, 55.7017164 ] ] ] } },
{ "type": "Feature", "properties": { "gml_id": "restareas.237", "gml_id2": "restareas.fid-2a2e2400_1998da19001_7aa6", "SERVICEAREAID": 30704492.0, "SERVICEAREATYPE": "Rasteanlæg", "SERVICEAREANAME": "Springstrup Nord" }, "geometry": { "type": "Polygon", "coordinates": [ [ [ 11.6597186, 55.7021256 ], [ 11.6594155, 55.7021874 ], [ 11.6600359, 55.7030077 ], [ 11.6585373, 55.7034244 ], [ 11.6565092, 55.7039794 ], [ 11.6552308, 55.7043304 ], [ 11.6552883, 55.7041796 ], [ 11.6553735, 55.7039379 ], [ 11.6554886, 55.7037737 ], [ 11.6556258, 55.7035274 ], [ 11.655543, 55.7033049 ], [ 11.6552801, 55.7030151 ], [ 11.6551203, 55.7028829 ], [ 11.6548371, 55.7027482 ], [ 11.6544788, 55.7026395 ], [ 11.6541797, 55.7025869 ], [ 11.6537227, 55.702561 ], [ 11.6533448, 55.7019703 ], [ 11.6550064, 55.7014674 ], [ 11.6566477, 55.7009669 ], [ 11.6574578, 55.7007133 ], [ 11.6578601, 55.700558 ], [ 11.658208, 55.7007526 ], [ 11.6583094, 55.7008084 ], [ 11.6588571, 55.7004389 ], [ 11.6593114, 55.7006298 ], [ 11.6592404, 55.7013334 ], [ 11.6593022, 55.7015984 ], [ 11.65941, 55.7017958 ], [ 11.6597186, 55.7021256 ] ] ] } },
{ "type": "Feature", "properties": { "gml_id": "restareas.238", "gml_id2": "restareas.fid-2a2e2400_1998da19001_7aa7", "SERVICEAREAID": 45030837.0, "SERVICEAREATYPE": "Rasteplads", "SERVICEAREANAME": "Staurby" }, "geometry": { "type": "Polygon", "coordinates": [ [ [ 9.7667725, 55.5133107 ], [ 9.7669937, 55.5129632 ], [ 9.7670872, 55.5127743 ], [ 9.7670722, 55.5126888 ], [ 9.7670375, 55.5126282 ], [ 9.7669829, 55.512581 ], [ 9.7667159, 55.5124686 ], [ 9.7662563, 55.5122698 ], [ 9.7665146, 55.5121104 ], [ 9.7669221, 55.5118682 ], [ 9.7672928, 55.5116431 ], [ 9.7672881, 55.5116283 ], [ 9.7673289, 55.5115976 ], [ 9.7669719, 55.5113258 ], [ 9.7670247, 55.5112817 ], [ 9.7672761, 55.5111109 ], [ 9.7673861, 55.5110836 ], [ 9.7676418, 55.5109583 ], [ 9.7677681, 55.5109062 ], [ 9.7679358, 55.510909 ], [ 9.768129, 55.51102 ], [ 9.7682718, 55.5111256 ], [ 9.7685274, 55.5112415 ], [ 9.7689802, 55.5114408 ], [ 9.7694116, 55.5116502 ], [ 9.7700054, 55.5119833 ], [ 9.7701412, 55.512069 ], [ 9.7700375, 55.5121215 ], [ 9.7699711, 55.5121571 ], [ 9.7699618, 55.5121962 ], [ 9.7700723, 55.5122734 ], [ 9.7700873, 55.512357 ], [ 9.7699157, 55.5126643 ], [ 9.769814, 55.5127781 ], [ 9.7697531, 55.5128375 ], [ 9.7691584, 55.5133757 ], [ 9.7688531, 55.5136077 ], [ 9.7684979, 55.5138657 ], [ 9.7682978, 55.5139701 ], [ 9.768243, 55.5139501 ], [ 9.7678442, 55.5137795 ], [ 9.7667725, 55.5133107 ] ] ] } },
{ "type": "Feature", "properties": { "gml_id": "restareas.241", "gml_id2": "restareas.fid-2a2e2400_1998da19001_7aaa", "SERVICEAREAID": 47129227.0, "SERVICEAREATYPE": "Park", "SERVICEAREANAME": "Østerbjerg Parken" }, "geometry": { "type": "Polygon", "coordinates": [ [ [ 8.3164296, 56.5493529 ], [ 8.3160391, 56.5492941 ], [ 8.3160031, 56.549283 ], [ 8.3160341, 56.5491813 ], [ 8.3160818, 56.5491093 ], [ 8.316143, 56.5490555 ], [ 8.3162353, 56.5489989 ], [ 8.3163514, 56.5489554 ], [ 8.316475, 56.5489251 ], [ 8.3166224, 56.5489145 ], [ 8.3167832, 56.5489202 ], [ 8.3169343, 56.5489448 ], [ 8.3170403, 56.548982 ], [ 8.3171428, 56.5490291 ], [ 8.3173912, 56.5491956 ], [ 8.3174566, 56.5492458 ], [ 8.3174872, 56.5492688 ], [ 8.3174108, 56.5493045 ], [ 8.3173563, 56.5493381 ], [ 8.317346, 56.5493337 ], [ 8.3173198, 56.549355 ], [ 8.3173019, 56.5493478 ], [ 8.3173298, 56.5493261 ], [ 8.3171201, 56.549265 ], [ 8.3169308, 56.549216 ], [ 8.3167356, 56.5493 ], [ 8.3165492, 56.5493323 ], [ 8.3164836, 56.5493636 ], [ 8.3164588, 56.5493583 ], [ 8.3164296, 56.5493529 ] ] ] } },
{ "type": "Feature", "properties": { "gml_id": "restareas.242", "gml_id2": "restareas.fid-2a2e2400_1998da19001_7aab", "SERVICEAREAID": 54641570.0, "SERVICEAREATYPE": "Samkørselsplads", "SERVICEAREANAME": "Solrød S" }, "geometry": { "type": "Polygon", "coordinates": [ [ [ 12.1879019, 55.5185537 ], [ 12.187677, 55.5186347 ], [ 12.1874642, 55.5187402 ], [ 12.1867049, 55.5181853 ], [ 12.1873555, 55.5178534 ], [ 12.1881733, 55.5184467 ], [ 12.1879019, 55.5185537 ] ] ] } },
{ "type": "Feature", "properties": { "gml_id": "restareas.243", "gml_id2": "restareas.fid-2a2e2400_1998da19001_7aac", "SERVICEAREAID": 54463806.0, "SERVICEAREATYPE": "Samkørselsplads", "SERVICEAREANAME": "Tankedal" }, "geometry": { "type": "Polygon", "coordinates": [ [ [ 9.433731, 55.4661196 ], [ 9.4338213, 55.4658045 ], [ 9.4338781, 55.4657996 ], [ 9.4339062, 55.4657671 ], [ 9.4342681, 55.4657982 ], [ 9.4343373, 55.4658455 ], [ 9.4360246, 55.4660116 ], [ 9.4359761, 55.4663132 ], [ 9.433731, 55.4661196 ] ] ] } },
{ "type": "Feature", "properties": { "gml_id": "restareas.244", "gml_id2": "restareas.fid-2a2e2400_1998da19001_7aad", "SERVICEAREAID": 84969168.0, "SERVICEAREATYPE": "Rasteplads", "SERVICEAREANAME": "Danstrup N" }, "geometry": { "type": "Polygon", "coordinates": [ [ [ 12.4559794, 55.9915719 ], [ 12.4558949, 55.9916487 ], [ 12.4557487, 55.9916964 ], [ 12.455442, 55.991675 ], [ 12.4553167, 55.9916595 ], [ 12.4552833, 55.9916367 ], [ 12.4549128, 55.9915652 ], [ 12.4547994, 55.9915318 ], [ 12.4547561, 55.9914935 ], [ 12.4547458, 55.9914448 ], [ 12.4547914, 55.991375 ], [ 12.4548484, 55.9913433 ], [ 12.4559794, 55.9915719 ] ] ] } },
{ "type": "Feature", "properties": { "gml_id": "restareas.245", "gml_id2": "restareas.fid-2a2e2400_1998da19001_7aae", "SERVICEAREAID": 84967972.0, "SERVICEAREATYPE": "Rasteplads", "SERVICEAREANAME": "Sørup Hegn S" }, "geometry": { "type": "Polygon", "coordinates": [ [ [ 12.3794894, 55.9649377 ], [ 12.3795561, 55.9648663 ], [ 12.3796221, 55.9647936 ], [ 12.3802825, 55.9649843 ], [ 12.3801594, 55.9651292 ], [ 12.3794894, 55.9649377 ] ] ] } },
{ "type": "Feature", "properties": { "gml_id": "restareas.246", "gml_id2": "restareas.fid-2a2e2400_1998da19001_7aaf", "SERVICEAREAID": 80297511.0, "SERVICEAREATYPE": "Samkørselsplads", "SERVICEAREANAME": "Lunderskov" }, "geometry": { "type": "Polygon", "coordinates": [ [ [ 9.2779732, 55.5028766 ], [ 9.2779864, 55.5028364 ], [ 9.277844, 55.5028433 ], [ 9.2777143, 55.5027646 ], [ 9.2781757, 55.5025225 ], [ 9.2789181, 55.5027607 ], [ 9.2790352, 55.5031891 ], [ 9.2786663, 55.5031549 ], [ 9.2784606, 55.5030835 ], [ 9.2783678, 55.5029886 ], [ 9.2782844, 55.5029298 ], [ 9.2781583, 55.5028697 ], [ 9.2781148, 55.5029041 ], [ 9.2779732, 55.5028766 ] ] ] } },
{ "type": "Feature", "properties": { "gml_id": "restareas.247", "gml_id2": "restareas.fid-2a2e2400_1998da19001_7ab0", "SERVICEAREAID": 57421687.0, "SERVICEAREATYPE": "Samkørselsplads", "SERVICEAREANAME": "Mejrup" }, "geometry": { "type": "Polygon", "coordinates": [ [ [ 8.7179915, 56.3676788 ], [ 8.7181589, 56.3672208 ], [ 8.7182484, 56.3671682 ], [ 8.7184726, 56.3666101 ], [ 8.7185601, 56.3664772 ], [ 8.7187498, 56.3663713 ], [ 8.7190429, 56.3662862 ], [ 8.7193075, 56.3662375 ], [ 8.7200008, 56.3662424 ], [ 8.7200994, 56.3662363 ], [ 8.7201541, 56.3662601 ], [ 8.7207297, 56.3664318 ], [ 8.7206787, 56.3666038 ], [ 8.7207213, 56.36664 ], [ 8.7207707, 56.366682 ], [ 8.7208078, 56.3667534 ], [ 8.7208143, 56.3668114 ], [ 8.7208207, 56.3668608 ], [ 8.720805, 56.3669121 ], [ 8.7207875, 56.3669539 ], [ 8.7207478, 56.3669995 ], [ 8.720708, 56.3670479 ], [ 8.7206632, 56.3670915 ], [ 8.7206201, 56.3671285 ], [ 8.7205357, 56.3671901 ], [ 8.7204548, 56.3672384 ], [ 8.7203603, 56.3672781 ], [ 8.7202778, 56.3673093 ], [ 8.720204, 56.3673339 ], [ 8.720077, 56.3673688 ], [ 8.7199809, 56.3673923 ], [ 8.7199139, 56.3674103 ], [ 8.7197699, 56.3674232 ], [ 8.7196859, 56.3674335 ], [ 8.7195728, 56.3674456 ], [ 8.7188511, 56.3675048 ], [ 8.7187628, 56.3675127 ], [ 8.7187036, 56.3675254 ], [ 8.7186315, 56.3675471 ], [ 8.7185885, 56.3675651 ], [ 8.7185489, 56.3675964 ], [ 8.7185161, 56.3676357 ], [ 8.7185013, 56.3676671 ], [ 8.7184819, 56.3677445 ], [ 8.7183888, 56.3678059 ], [ 8.7183721, 56.3678109 ], [ 8.7183107, 56.3678024 ], [ 8.7183087, 56.36777 ], [ 8.7183021, 56.3677667 ], [ 8.7182933, 56.3677658 ], [ 8.7182851, 56.3677677 ], [ 8.718282, 56.3677695 ], [ 8.7182695, 56.3677995 ], [ 8.7181982, 56.3677998 ], [ 8.7181242, 56.3678053 ], [ 8.7180522, 56.3678149 ], [ 8.7179915, 56.3676788 ] ] ] } },
{ "type": "Feature", "properties": { "gml_id": "restareas.248", "gml_id2": "restareas.fid-2a2e2400_1998da19001_7ab1", "SERVICEAREAID": 59563886.0, "SERVICEAREATYPE": "Samkørselsplads", "SERVICEAREANAME": "P-plads" }, "geometry": { "type": "Polygon", "coordinates": [ [ [ 9.5250452, 56.3540869 ], [ 9.5243872, 56.3540089 ], [ 9.5244358, 56.3538452 ], [ 9.5247037, 56.3538798 ], [ 9.5247375, 56.3538702 ], [ 9.5247609, 56.3538476 ], [ 9.5247226, 56.3538167 ], [ 9.5247302, 56.3538178 ], [ 9.524908, 56.3538441 ], [ 9.5249413, 56.3538491 ], [ 9.5248966, 56.3538676 ], [ 9.5248731, 56.3538827 ], [ 9.5248902, 56.3538959 ], [ 9.5251175, 56.3539288 ], [ 9.5250452, 56.3540869 ] ] ] } },
{ "type": "Feature", "properties": { "gml_id": "restareas.249", "gml_id2": "restareas.fid-2a2e2400_1998da19001_7ab2", "SERVICEAREAID": 59563887.0, "SERVICEAREATYPE": "Samkørselsplads", "SERVICEAREANAME": "P-plads" }, "geometry": { "type": "Polygon", "coordinates": [ [ [ 9.4967855, 56.36082 ], [ 9.4967091, 56.3607502 ], [ 9.4967361, 56.3607491 ], [ 9.4967735, 56.3607546 ], [ 9.4968274, 56.3607384 ], [ 9.4968951, 56.3607297 ], [ 9.4969754, 56.3607243 ], [ 9.49705, 56.3607276 ], [ 9.4971078, 56.3607501 ], [ 9.4973004, 56.3609767 ], [ 9.4972811, 56.3609904 ], [ 9.4971851, 56.3610218 ], [ 9.4971444, 56.361022 ], [ 9.4971222, 56.3610145 ], [ 9.4970796, 56.3609912 ], [ 9.4968998, 56.360834 ], [ 9.4968794, 56.3608275 ], [ 9.4968136, 56.3608456 ], [ 9.4967855, 56.36082 ] ] ] } },
{ "type": "Feature", "properties": { "gml_id": "restareas.250", "gml_id2": "restareas.fid-2a2e2400_1998da19001_7ab3", "SERVICEAREAID": 59563891.0, "SERVICEAREATYPE": "Samkørselsplads", "SERVICEAREANAME": "Nyborg" }, "geometry": { "type": "Polygon", "coordinates": [ [ [ 10.8411023, 55.2972646 ], [ 10.8408065, 55.297212 ], [ 10.8404991, 55.2971976 ], [ 10.840198, 55.2971755 ], [ 10.8404412, 55.2970995 ], [ 10.8407558, 55.2971252 ], [ 10.8421425, 55.2972641 ], [ 10.8420063, 55.2973461 ], [ 10.8415781, 55.2973145 ], [ 10.8411023, 55.2972646 ] ] ] } },
{ "type": "Feature", "properties": { "gml_id": "restareas.251", "gml_id2": "restareas.fid-2a2e2400_1998da19001_7ab4", "SERVICEAREAID": 64331532.0, "SERVICEAREATYPE": "Samkørselsplads", "SERVICEAREANAME": "Lyngerup" }, "geometry": { "type": "Polygon", "coordinates": [ [ [ 12.0005501, 55.8052208 ], [ 11.9999954, 55.8049494 ], [ 12.0001449, 55.8048506 ], [ 12.0005814, 55.8045412 ], [ 12.001156, 55.8048302 ], [ 12.0005501, 55.8052208 ] ] ] } },
{ "type": "Feature", "properties": { "gml_id": "restareas.252", "gml_id2": "restareas.fid-2a2e2400_1998da19001_7ab5", "SERVICEAREAID": 67398587.0, "SERVICEAREATYPE": "Samkørselsplads", "SERVICEAREANAME": "Give S" }, "geometry": { "type": "Polygon", "coordinates": [ [ [ 9.2520607, 55.8238679 ], [ 9.2520164, 55.8235399 ], [ 9.2525904, 55.8235045 ], [ 9.2526517, 55.8238343 ], [ 9.2520607, 55.8238679 ] ] ] } },
{ "type": "Feature", "properties": { "gml_id": "restareas.253", "gml_id2": "restareas.fid-2a2e2400_1998da19001_7ab6", "SERVICEAREAID": 59673312.0, "SERVICEAREATYPE": "Rasteplads", "SERVICEAREANAME": "Klode Mølle" }, "geometry": { "type": "Polygon", "coordinates": [ [ [ 9.3209502, 56.186709 ], [ 9.320953, 56.1867437 ], [ 9.3211017, 56.186787 ], [ 9.3211129, 56.1867965 ], [ 9.3211167, 56.1868403 ], [ 9.3211024, 56.1868626 ], [ 9.3211518, 56.1869633 ], [ 9.3209548, 56.18726 ], [ 9.3208349, 56.1872936 ], [ 9.3207271, 56.1874555 ], [ 9.3205783, 56.1876099 ], [ 9.3202492, 56.1877101 ], [ 9.3201008, 56.1878008 ], [ 9.3200024, 56.1877574 ], [ 9.3201477, 56.1876053 ], [ 9.3201716, 56.1876043 ], [ 9.3202369, 56.1875666 ], [ 9.3208156, 56.1869266 ], [ 9.3208179, 56.1868967 ], [ 9.3208075, 56.1868739 ], [ 9.3209502, 56.186709 ] ] ] } },
{ "type": "Feature", "properties": { "gml_id": "restareas.254", "gml_id2": "restareas.fid-2a2e2400_1998da19001_7ab7", "SERVICEAREAID": 107444097.0, "SERVICEAREATYPE": "Samkørselsplads", "SERVICEAREANAME": "Ladepark Langeskov" }, "geometry": { "type": "Polygon", "coordinates": [ [ [ 10.5636018, 55.3522857 ], [ 10.5635846, 55.3522736 ], [ 10.5630766, 55.3524265 ], [ 10.5630375, 55.3524299 ], [ 10.5630142, 55.3524326 ], [ 10.5629866, 55.3524305 ], [ 10.5629654, 55.3524237 ], [ 10.5629401, 55.352415 ], [ 10.5629279, 55.3524037 ], [ 10.5629133, 55.3523934 ], [ 10.5627016, 55.3521664 ], [ 10.5626136, 55.3521566 ], [ 10.5624316, 55.3519654 ], [ 10.5623987, 55.3518722 ], [ 10.5622184, 55.3516814 ], [ 10.5622777, 55.3516607 ], [ 10.5620982, 55.351468 ], [ 10.5620907, 55.3514472 ], [ 10.5620916, 55.3514272 ], [ 10.5621059, 55.3514099 ], [ 10.5621253, 55.3513935 ], [ 10.5621616, 55.3513821 ], [ 10.5622696, 55.3513488 ], [ 10.5624296, 55.3512997 ], [ 10.5625674, 55.3512599 ], [ 10.5626521, 55.3512498 ], [ 10.5626802, 55.3512627 ], [ 10.5627251, 55.3513011 ], [ 10.5628642, 55.3514425 ], [ 10.5630888, 55.3516779 ], [ 10.5633475, 55.3519532 ], [ 10.5636412, 55.352269 ], [ 10.5636018, 55.3522857 ] ] ] } }
]
}
